label,count,percent,cohesion
"3dvista",1,0.20,0
"Business",1,0.20,0
"Aviation",1,0.20,0
"Aviation",1,0.20,0
"Photography",1,0.20,0
"above-ground",1,0.20,0
"AI",1,0.20,0
"Video Editing",78,15.51,0.067
"3D Printing",1,0.20,0
"change",1,0.20,0
"AI",1,0.20,0
"AI",1,0.20,0
"AI",1,0.20,0
"AI",1,0.20,0
"Health",1,0.20,0
"Business",3,0.60,0.278
"Health",1,0.20,0
"AI",1,0.20,0
"Business",1,0.20,0
"Music",1,0.20,0
"Photography",1,0.20,0
"Music",20,3.98,0.211
"Aviation",1,0.20,0
"Video Editing",2,0.40,0.508
"Music",1,0.20,0
"shanil",1,0.20,0
"AI",1,0.20,0
"Aviation",1,0.20,0
"recommended",1,0.20,0
"Music",1,0.20,0
"AI",3,0.60,0.342
"Aviation",1,0.20,0
"good",1,0.20,0
"brody",1,0.20,0
"Music",1,0.20,0
"Music",1,0.20,0
"AI",1,0.20,0
"integrity",1,0.20,0
"3D Printing",1,0.20,0
"Business",1,0.20,0
"Photography",10,1.99,0.253
"Music",1,0.20,0
"theoretical",1,0.20,0
"Music",1,0.20,0
"steeeve",1,0.20,0
"Aviation",1,0.20,0
"reminding",1,0.20,0
"3D Printing",1,0.20,0
"Gardening",1,0.20,0
"cna",1,0.20,0
"2026",1,0.20,0
"Video Editing",1,0.20,0
"3D Printing",1,0.20,0
"Video Editing",1,0.20,0
"AI",1,0.20,0
"3D Printing",2,0.40,0.314
"Health",1,0.20,0
"AI",1,0.20,0
"starbase",1,0.20,0
"Tech",1,0.20,0
"AI",1,0.20,0
"3D Printing",1,0.20,0
"Business",1,0.20,0
"Photography",1,0.20,0
"Tech",1,0.20,0
"Coding",4,0.80,0.323
"Aviation",1,0.20,0
"Music",3,0.60,0.38
"Music",1,0.20,0
"Aviation",1,0.20,0
"revival",1,0.20,0
"Business",1,0.20,0
"Video Editing",1,0.20,0
"Construction",1,0.20,0
"Music",1,0.20,0
"filipino",1,0.20,0
"Health",1,0.20,0
"Health",1,0.20,0
"Music",2,0.40,0.344
"Health",1,0.20,0
"Music",1,0.20,0
"build",1,0.20,0
"Photography",2,0.40,0.408
"techno",1,0.20,0
"Music",1,0.20,0
"Video Editing",5,0.99,0.146
"AI",1,0.20,0
"Music",1,0.20,0
"Business",1,0.20,0
"Business",1,0.20,0
"grow",1,0.20,0
"3D Printing",1,0.20,0
"Business",1,0.20,0
"history",1,0.20,0
"electric",1,0.20,0
"Aviation",1,0.20,0
"close",1,0.20,0
"3D Printing",1,0.20,0
"website",1,0.20,0
"Music",1,0.20,0
"Coding",1,0.20,0
"filmmaker",1,0.20,0
"AI",1,0.20,0
"3D Printing",1,0.20,0
"careless",1,0.20,0
"AI",1,0.20,0
"Business",1,0.20,0
"thanks",1,0.20,0
"Business",1,0.20,0
"Photography",1,0.20,0
"3D Printing",4,0.80,0.28
"3D Printing",1,0.20,0
"sale",1,0.20,0
"Aviation",1,0.20,0
"improvement",1,0.20,0
"Video Editing",1,0.20,0
"sites",1,0.20,0
"Aviation",1,0.20,0
"Health",1,0.20,0
"3D Printing",1,0.20,0
"Video Editing",1,0.20,0
"3D Printing",1,0.20,0
"Photography",1,0.20,0
"Business",1,0.20,0
"Photography",1,0.20,0
"AI",1,0.20,0
"3D Printing",1,0.20,0
"Video Editing",1,0.20,0
"maker",1,0.20,0
"Photography",1,0.20,0
"jeven",1,0.20,0
"answers",1,0.20,0
"Music",1,0.20,0
"newpress",1,0.20,0
"Business",1,0.20,0
"Photography",2,0.40,0.325
"Video Editing",1,0.20,0
"Tech",1,0.20,0
"warriors",1,0.20,0
"Music",1,0.20,0
"3D Printing",3,0.60,0.302
"Health",1,0.20,0
"Health",1,0.20,0
"3D Printing",1,0.20,0
"AI",1,0.20,0
"Tech",1,0.20,0
"Video Editing",1,0.20,0
"Music",2,0.40,0.282
"stories",2,0.40,0.335
"Video Editing",1,0.20,0
"3D Printing",1,0.20,0
"Video Editing",1,0.20,0
"investors",1,0.20,0
"Video Editing",1,0.20,0
"Aviation",1,0.20,0
"legal",1,0.20,0
"3D Printing",1,0.20,0
"Construction",1,0.20,0
"Tech",1,0.20,0
"3D Printing",1,0.20,0
"AI",1,0.20,0
"Music",1,0.20,0
"Music",1,0.20,0
"upcoming",1,0.20,0
"footage",1,0.20,0
"3D Printing",1,0.20,0
"Music",1,0.20,0
"security",1,0.20,0
"show",1,0.20,0
"AI",1,0.20,0
"3D Printing",1,0.20,0
"Business",1,0.20,0
"Photography",1,0.20,0
"browsing",1,0.20,0
"3D Printing",1,0.20,0
"AI",1,0.20,0
"Music",1,0.20,0
"Music",1,0.20,0
"3D Printing",1,0.20,0
"3D Printing",1,0.20,0
"3D Printing",1,0.20,0
"Business",1,0.20,0
"AI",1,0.20,0
"Aviation",1,0.20,0
"AI",2,0.40,0.284
"AI",1,0.20,0
"3D Printing",1,0.20,0
"3D Printing",1,0.20,0
"unapologetically",1,0.20,0
"AI",1,0.20,0
"investment",1,0.20,0
"Music",1,0.20,0
"Health",2,0.40,0.274
"3D Printing",1,0.20,0
"AI",1,0.20,0
"Video Editing",2,0.40,0.299
"military",2,0.40,0.805
"Music",1,0.20,0
"3D Printing",1,0.20,0
"motiv8",1,0.20,0
"3D Printing",1,0.20,0
"msnbc",1,0.20,0
"criado",1,0.20,0
"science",1,0.20,0
"3D Printing",1,0.20,0
"Gardening",1,0.20,0
"Music",2,0.40,0.275
"neo",1,0.20,0
"Health",1,0.20,0
"Misc",1,0.20,0
"Music",1,0.20,0
"Photography",1,0.20,0
"nigel",1,0.20,0
"Music",1,0.20,0
"AI",2,0.40,0.281
"3D Printing",1,0.20,0
"3D Printing",1,0.20,0
"onscene",1,0.20,0
"Photography",1,0.20,0
"opb",1,0.20,0
"Tech",1,0.20,0
"streams",2,0.40,0.303
"pan",1,0.20,0
"AI",1,0.20,0
"3D Printing",1,0.20,0
"skin",1,0.20,0
"AI",1,0.20,0
"Video Editing",1,0.20,0
"gimbal",1,0.20,0
"Photography",1,0.20,0
"3D Printing",1,0.20,0
"3D Printing",1,0.20,0
"bedroom",1,0.20,0
"AI",1,0.20,0
"jessiah",1,0.20,0
"realpoppsych",1,0.20,0
"portland",1,0.20,0
"Business",1,0.20,0
"literacy",1,0.20,0
"Gardening",1,0.20,0
"Aviation",1,0.20,0
"AI",1,0.20,0
"Music",1,0.20,0
"principles",1,0.20,0
"shall",1,0.20,0
"Photography",1,0.20,0
"grassroots",1,0.20,0
"Aviation",1,0.20,0
"AI",3,0.60,0.244
"Music",1,0.20,0
"Music",1,0.20,0
"means",1,0.20,0
"Music",1,0.20,0
"Video Editing",1,0.20,0
"AI",1,0.20,0
"coaching",1,0.20,0
"Photography",1,0.20,0
"Photography",1,0.20,0
"Photography",1,0.20,0
"serhant",1,0.20,0
"3D Printing",1,0.20,0
"3D Printing",1,0.20,0
"keeping",1,0.20,0
"physicist",1,0.20,0
"Business",1,0.20,0
"AI",2,0.40,0.295
"Music",1,0.20,0
"Video Editing",1,0.20,0
"Photography",1,0.20,0
"Photography",1,0.20,0
"AI",1,0.20,0
"epoxy",1,0.20,0
"Photography",1,0.20,0
"3D Printing",1,0.20,0
"Photography",1,0.20,0
"sterling",1,0.20,0
"Music",1,0.20,0
"streamgeeks",1,0.20,0
"studiobinder",1,0.20,0
"Home Repair",1,0.20,0
"sweet",1,0.20,0
"Music",1,0.20,0
"Aviation",1,0.20,0
"dmv",1,0.20,0
"Music",1,0.20,0
"Aviation",1,0.20,0
"3D Printing",1,0.20,0
"Music",1,0.20,0
"physicians",1,0.20,0
"Music",1,0.20,0
"AI",1,0.20,0
"AI",1,0.20,0
"Tech",1,0.20,0
"3D Printing",1,0.20,0
"Video Editing",1,0.20,0
"Business",1,0.20,0
"analysis",1,0.20,0
"3D Printing",1,0.20,0
"chris",1,0.20,0
"Photography",1,0.20,0
"realise",1,0.20,0
"humanist",1,0.20,0
"trumpism",1,0.20,0
"AI",1,0.20,0
"parallel",1,0.20,0
"Business",1,0.20,0
"3D Printing",1,0.20,0
"Business",1,0.20,0
"tesla",1,0.20,0
"Music",1,0.20,0
"Business",1,0.20,0
"Business",1,0.20,0
"tim",1,0.20,0
"Video Editing",1,0.20,0
"AI",1,0.20,0
"Music",1,0.20,0
"Aviation",1,0.20,0
"3D Printing",1,0.20,0
"Coding",1,0.20,0
"Music",1,0.20,0
"vice",1,0.20,0
"Aviation",1,0.20,0
"Business",1,0.20,0
"inside",1,0.20,0
"AI",1,0.20,0
"blockbusters",1,0.20,0
"Music",1,0.20,0
"Music",1,0.20,0
"zhiyun",1,0.20,0
