id,title,description_snippet,umbrella,subcluster_label,seed,confidence,videoCount
UC1nJElGcVcTpeZJVyxEbzJw,Live Storms Media,The Live Storms Media Company sells video of the best storm footage in the United States.  Our video can be seen on larg‚Ä¶,Weather & Storms,weather,weather,1,23436
UCSxR0IZEq1WhTJqAnQGyk4g,Pacific Northwest Weather Watch,Everything Pacific Northwest Weather!  Daily Updates Live Streams Educational Videos,Weather & Storms,weather,weather,1,1981
UCV6hWxB0-u_IX7e-h4fEBAw,Reed Timmer,"Hi, I‚Äôm extreme meteorologist and storm chaser, Reed Timmer, known for embedding myself into some of the most severe wea‚Ä¶",Weather & Storms,weather,weather,1,2886
UCJHAT3Uvv-g3I8H3GhHWV7w,"Ryan Hall, Y'all",Digital Meteorologist | Severe Weather Broadcaster | The Internet's Weather Man |,Weather & Storms,weather,weather,1,713
UCBtR7ynKM9odz-PW_7uyzDw,SevereStudios,"SevereStudios features severe weather information, news, videos, radar, GPS tracking, and live streams from storm chaser‚Ä¶",Weather & Storms,weather,weather,1,287
UCTiL1q9YbrVam5nP2xzFTWQ,SpaceWeatherNews (S0),"Astrophysics, Geophysics, and Space Weather.",Weather & Storms,weather,weather,1,6349
UCBgc_s9bZcC7_VPC7Qyegfw,4K Clips And Trailers,"A channel by Shrey Tyagi Short videos in 4K SDR/HDR10/HLG  ‚û¢ There are no false labeling, titles show the correct info o‚Ä¶",Unclassified,,,0,514
UCgGpNbEWsZhrtV_62dsUDpQ,7idea Productions,"7idea Productions captures modern-day railroads in the North America. Big diesel engines, majestic steam locomotives and‚Ä¶",Unclassified,,,0,215
UCd0Yn5SKGaujdXCwk2TwmoA,360 Vroomers,360 Vroomers is for those who love to shoot FAST and FUN action sports!  I am an enthusiast of various action sports: sk‚Ä¶,Unclassified,,,0,363
UCyxcZgX1wNU-nk1yB9CvzSw,Aaron Parnas,,Unclassified,,,0,1440
UCBS1b2TF1uuhAomGYpFio7w,Above Ground Pros,We have specialized strictly with above ground pools for over 27 years.  Our goal is to help above ground pool owners ma‚Ä¶,Unclassified,,,0,87
UCyHaY6HrTUWNWA3bN26esUA,AdEspresso,Manage your Facebook Ads in less time using AdEspresso. Key features of our platform are: 1) Create campaigns 2) Analyze‚Ä¶,Unclassified,,,0,114
UCv42RmpB6iwadGz6n818l6w,Alter Bridge,~ The Official Channel Of Alter Bridge ~  What Lies Within Tour ~ Tickets and VIP Experiences are on sale now at https:/‚Ä¶,Unclassified,,,0,52
UCDBrVr0ttWpoRY-_yZajp2Q,alyankovic,Comedy / Parody / Satire,Unclassified,,,0,146
UCXUPKJO5MZQN11PqgIvyuvQ,Andrej Karpathy,,Unclassified,,,0,17
UCP0z2BisC_uuJGDk90gs2yA,Arc De Soleil,- Official channel for Arc De Soleil -  ---------------------------------------- www.arcdesoleil.com instagram.com/arcde‚Ä¶,Unclassified,,,0,94
UCXfC0B4gKbYEDYqValFg4Yw,Barry KDP,I help KDP publishers launch and scale profitable books with my  Profitable Publisher System,Unclassified,,,0,117
UCBJh1lBd44OGUd5JrHZQvCQ,Best of The Voice,"The best Blind Auditions, Battles and performances of The Voice, all together in one place.  Which singers made the Coac‚Ä¶",Unclassified,,,0,1284
UCeqky0tc84Ezl0CYMW3xKkA,Best360,"Hey! üëãü§ì I'm Shanil, a London based video creator. My mission is to help you bridge the gap between the technology üì± and ‚Ä¶",Unclassified,,,0,527
UCLv09ZbvDVctHv8zIE1hoTw,Black Tie Kitchen,"Welcome to Black Tie Kitchen, where I believe Low-Carb/Keto food should be simple, nutritious, and delicious! Join me as‚Ä¶",Unclassified,,,0,188
UCX_gtN8XsErdLPOUkEPaqiA,Blowout Professor,My Recommended Product List ‚á¢ https://blowoutprofessor.tiny.us/2p827m5j,Unclassified,,,0,232
UCRvnaTGSZQe3xuiZZZVklZA,Bob Moses,Bob Moses Official YouTube Channel  Instagram: https://www.instagram.com/bobmosesmusic Facebook: https://www.facebook.co‚Ä¶,Unclassified,,,0,257
UC_0jev81m10XfTzggeae1Mg,BretFX,BretFX creates free & premium Final Cut Pro Effects and shares tips and tricks for using FCPX and Apple Motion. Check ou‚Ä¶,Unclassified,,,0,93
UCONzk0OgGQC5HiQ7aEPjYyA,BRF Louisiana,,Unclassified,,,0,72
UCrjya2B7Cd1yZWV1liFtnOA,Brian Murray,Pilot. Creator. Software Engineer.,Unclassified,,,0,100
UCxWulY15ahTxS0VieQp-HPg,Brody Dolyniuk,"Welcome to Brody Dolyniuk‚Äôs channel. I‚Äôll upload things I hope you‚Äôll find interesting...cover songs, technical how-to v‚Ä¶",Unclassified,,,0,121
UCl3lEILSFI3InXa5C__Phug,Cambridge University Cosmology,The Centre for Theoretical Cosmology (CTC) was established by Professor Stephen Hawking in 2007. It exists to advance th‚Ä¶,Unclassified,,,0,12
UCMJecdKUslHToOEpeuRGwXg,Candyrat Records,Candyrat features extraordinary Guitarists and Composers.,Unclassified,,,0,1233
UCx8Thl4BbkOwslTGXzPJx0A,Captain Steeeve,Follow us on all our social media channels:  FB: Captain Steeeve Insta: @officialcaptainsteeeve TikTok: Captain Steeeve,Unclassified,,,0,812
UCwjvvgGX6oby5mZ3gbDe8Ug,China Insights,"Dear viewers, our program has moved to the new channel ‚ÄúSound of Hope‚Äù! ‚ÄúChina Insights‚Äù is now renamed ‚ÄúChina X-Ray,‚Äù b‚Ä¶",Unclassified,,,0,1057
UCT2kPBcD6tXn8TP_aV7BmgA,China Observer,"This channel brings the audience first-hand news from China and exclusive analysis.  For business cooperation, please co‚Ä¶",Unclassified,,,0,3175
UCRte954rw0oeMWFroy_ClAw,Chris Hau,I like to talk about tech & travel and reminding people to create the things they actually want.   @TheChrisHau on all s‚Ä¶,Unclassified,,,0,382
UCHF66aWLOxBW4l6VkSrS3cQ,Coachella,"April 10-12 & April 17-19, 2026 ü™Å 2026 Passes are Sold Out",Unclassified,,,0,1077
UCDUhp92NhqVc0K3jSmWhgvA,Comedy Dynamics,"Comedy Dynamics, a Nacelle company, is the largest independent stand-up comedy production and distribution company. Its ‚Ä¶",Unclassified,,,0,4059
UCXyqlW3MOTbhpQIMapXMOSQ,Content Creators,ContentCreator.com was founded to help people master the art of shooting and editing videos in the fastest timeframe pos‚Ä¶,Unclassified,,,0,93
UCpHdE9yhgSuM4FezX8dmbPw,CPA Strength,Accounting For Beginners Playlist #AFB  Accounting Videos / Basic Accounting / I have a mapping system to keep Debits & ‚Ä¶,Unclassified,,,0,638
UCzOlf72W0G4SJBHu9HxR7ng,Crazy About Life,"Runner and Cyclist, decided to leave bad habits behind and started embracing healthy living. My wife and boy keeps me mo‚Ä¶",Unclassified,,,0,197
UCNf9HkMqlTFiick46DGXY7g,Damien Cooper,"Cinematography, lighting, dad jokes and all the real life struggles of being in the creative field",Unclassified,,,0,363
UC1CAa_tjoI4-bEsEjxvHJXQ,Dane McBeth Publishing,"Founder of PaysToPublish.com and living in British Columbia, Canada.   I make videos based around self-publishing books ‚Ä¶",Unclassified,,,0,170
UCw2THyt0iIxN6pdCdL8LA8Q,DangerTV,"Welcome to DangerTV, the most dangerous place on Youtube! We have all of the best reality, documentary series and clips ‚Ä¶",Unclassified,,,0,1977
UCwjZLzqHYImv4oCJQcZ8Hig,Daniel Schiffer,Let's create.,Unclassified,,,0,256
UCRqGBcNkSE1-w9pbh_j7bSw,Daniella Benita,"Now taking clients in Doylestown, Pennsylvania! Please check out my website (linked under my channel banner) for locatio‚Ä¶",Unclassified,,,0,59
UCKCS2T2uR_7h4zpVETbcFjg,David Bayer,,Unclassified,,,0,354
UCvKRFNawVcuz4b9ihUTApCg,David Shapiro,Liberate humanity from drudgery.,Unclassified,,,0,562
UCO01dS4TaSRSyOipXEYPL6Q,David Sharpe,David Sharpe and the Legendary Marketer team deliver one-of-a-kind interviews that won‚Äôt be found anywhere else. On our ‚Ä¶,Unclassified,,,0,2051
UCobfgsTVhaIyIRAms-M4JWw,Deep Woods Custom Guitars,,Unclassified,,,0,8
UCyA6KQ8PgP98E0ToIdq8c7A,Dr. Alex Tubio,Houston Filipino Chiropractor   To schedule an appointment:  Visit: https://www.DrAlexTubio.com/ Email: DrTubio@gmail.co‚Ä¶,Unclassified,,,0,1733
UC073quTeFarhKNe8ZuC6Qig,Drew Builds Stuff,My name's Drew and I like to build and create. This channel has no specific theme -- whatever I think is a cool build or‚Ä¶,Unclassified,,,0,54
UCL4cw2w7kMcTpsqGMtzs02w,Dub Element,Dub Techno and Deep Progressive Techno Selection.,Unclassified,,,0,209
UC_HzoVeEzCUsHJtHCemb9sg,Dylan John,What's up creative peeps! If you're looking to take your videography and content creation and Final Cut Pro skills to th‚Ä¶,Unclassified,,,0,381
UCKUSu0zaUcTg0L6Bsxr51og,Editors Keys,Become a better content creator: https://www.youtube.com/editorskeys?sub_confirmation=1  https://www.editorskeys.com,Unclassified,,,0,709
UCskD50ri3723Tk1SkS-qAIA,El Estepario Siberiano,,Unclassified,,,0,915
UCgslJ2VwZHVxw-D095WQ3lQ,Elise Trouw,Multi-Instrumental Recording Artist Pearl + Paiste + Vater Endorsed Drummer,Unclassified,,,0,27
UCN7kH4qcPPPC_KWlX6Ze-Iw,Elizabeth G,,Unclassified,,,0,0
UCXAWX5r69jcqPTNAhXCSA7Q,Elon Musk Fan Zone,The Elon Musk Zone YouTube Channel  ‚Äî The Elon Musk Fan YouTube channel covering the latest Elon Musk news!  ‚ö†Ô∏è DISCLAIM‚Ä¶,Unclassified,,,0,1016
UCokX6YIQymfsKSJvqo9dGEQ,Endless RVing,"We are here to make your RV life easier and more enjoyable!   We are Izzy, MJ, Jason, and fur baby Bowser and we are End‚Ä¶",Unclassified,,,0,1655
UCVIo_UX--1R03WE_U3I6xEA,Engineered Arts,,Unclassified,,,0,87
UCAPeu_wnvIB5AkQ-xnkLOJA,Eric Welander,I love talking about Apple and smart home tech here on YouTube. I‚Äôve been working in app development on Apple's platform‚Ä¶,Unclassified,,,0,456
UCDjvi-_c_ffte2LaNaE2j8g,F-22 Demo Team,The official YouTube Channel for the F-22 Raptor Demonstration Team.,Unclassified,,,0,43
UCihmYOoCWYffpuMfuP7BAqA,FD Real,FD Real is dedicated to bringing our viewers high-quality entertainment for free. You will experience the lives of excep‚Ä¶,Unclassified,,,0,315
UCnvgtzmvlb6d58d9BbOKuMA,Fstoppers,Subscribe to our channel here: https://www.youtube.com/@FStoppers?sub_confirmation=1   Fstoppers is a community of photo‚Ä¶,Unclassified,,,0,946
UCctXZhXmG-kf3tlIXgVZUlw,GaryVee,"Gary Vaynerchuk is a serial entrepreneur and serves as the Chairman of VaynerX, the CEO of VaynerMedia, and the Creator ‚Ä¶",Unclassified,,,0,6376
UCR1LVH-teuA3-Kfy576TYSw,georgemichael,The official YouTube channel for George Michael.  Celebrating 40 years of Careless Whisper üé∑,Unclassified,,,0,101
UCfE5Cz44GlZVyoaYTHJbuZw,Guga Foods,"Hi, Thanks for visiting Guga Foods! I am here too share all my favorite recipes with you.  Cooking things me and my fami‚Ä¶",Unclassified,,,0,562
UC7HOGKjSKzP5PBfmdaAkbQg,Guildhall School of Music & Drama,"Guildhall School is a vibrant, international community of musicians, actors and production artists in the heart of the C‚Ä¶",Unclassified,,,0,234
UC8YXmNHJ-JS0dd7z4Z9ChXA,Harv Video/Audio Stuff,"I make videos about video, gear, cameras, lenses, audio recording, guitars and other things that interest me.   Connect ‚Ä¶",Unclassified,,,0,468
UC9MAhZQQd9egwWCxrwSIsJQ,HISTORY,"The HISTORY¬Æ Channel, a division of A+E Global Media, is the premier destination for historical storytelling. From best-‚Ä¶",Unclassified,,,0,11054
UCZEWB-9BQ2DW-gwBlJJaWNg,Hollywood:FCP,"This channel was started by Josh Beal and Jeff Asher, two editors working in scripted TV. We use Avid all day at work. T‚Ä¶",Unclassified,,,0,27
UCeEqIv7lVwOOLnwxuuhQFuQ,Hugh Hou,Kimchi & I make immersive films and teach what we learn - so you can tell stronger stories in 360¬∞ and VR180. I‚Äôm Hugh H‚Ä¶,Unclassified,,,0,1218
UC-ptWR16ITQyYOglXyQmpzw,IAmTimCorey,"My goal is to make your life easier, specifically when it comes to learning software development. I remember what it was‚Ä¶",Unclassified,,,0,888
UCZZwD8OcPUOo1WOVad_tKWA,Idustrial Revolution,We make awesome Final Cut Pro (FCPX) Plugins and Templates. We also host some great free Final Cut Pro and Motion tutori‚Ä¶,Unclassified,,,0,182
UCHsThxa9HvDpSywv4bP55NA,J. Gravelle,,Unclassified,,,0,99
UCHzfWTvyt4VY7QTKKwY84Tw,Jack Cole,I teach Video Editors how to get more Clients üìà,Unclassified,,,0,1000
UC-U0quP8-RF1pvyCessLg0g,Jake Sloan,"I review and compare cameras, lenses and drones in the harsh Alaskan wilderness.  Taking filmmaking and photography equi‚Ä¶",Unclassified,,,0,468
UCf9BO33b-MnIxB5y0azrxmg,Jimmy Carr,"Welcome to Jimmy Carr's official YouTube channel, where you can find all the best bits from his stand-up comedy shows, T‚Ä¶",Unclassified,,,0,2035
UC-2YHgc363EdcusLIBbgxzg,Joe Scott,"Ask Questions. Get interesting, amazing, funny, inspiring, eye-opening, mind-shifting, informative answers. Every week. ‚Ä¶",Unclassified,,,0,923
UC8Sh9yuLqlpnQdBdcfwFErA,Just One Dime,"I started with a single dime.   $24,000 in debt, stressed out in my marriage, and sick of spending my days building some‚Ä¶",Unclassified,,,0,388
UCkUDijzPGiHVBSeOktgpMiQ,K9‚Äôs and Chaos,"Dedicated to all the K9 Warriors, who help protect our  Country and it‚Äôs communities. https://www.youtube.com/channel/UC‚Ä¶",Unclassified,,,0,288
UC-s3Pb8uIBm0QN8MVaulJKA,Kindlepreneur,Kindlepreneur TV is helping people to learn how to sell more books today.   My channel is dedicated to helping self publ‚Ä¶,Unclassified,,,0,142
UCQaqi80QVyIhFQ6HZTXCeOg,King County Sheriff Air Support,King County Sheriff's Office Air Support Unit,Unclassified,,,0,289
UCyKUfgfeRaCrqMr9b0UcSoQ,Kraken The Box,"YO HO ME HEARTIES!  Follow me, Captain Kori and me crew mate Pixi, as we discover the treasures to be found in the pirat‚Ä¶",Unclassified,,,0,177
UCW7bg34be3iNMXjPNctjYKA,KSENIA BUZINA,,Unclassified,,,0,21
UCFbtcTaMFnOAP0pFO1L8hVw,Kyle Hill,Award-winning science educator. Nuclear communications expert. BASILISK Head of Science Education and Outreach. CFF Dogs‚Ä¶,Unclassified,,,0,429
UCSvCR76uY0R8mjVETskWRvg,Larry Jordan,"Nobody understands media production and and post-production like Larry Jordan.  Need training in Apple Final Cut Pro, Ad‚Ä¶",Unclassified,,,0,1365
UCzUyasGg5A03r3zPkorqIBQ,Learn Color Grading,"Free Resolve 16 crash course!  Learn the basics of each and every tab/page in Resolve (Media, Cut, Edit, Fusion, Color F‚Ä¶",Unclassified,,,0,177
UCyy1JVscJxxJfJx2IrQm2Ug,Learn From Most Influential Investors,,Unclassified,,,0,198
UCWWq67D7TofEPq_eBiaYCWw,Learn Online Video,"Helping you Master The Art of Online Video Production.  Watch easy to understand tutorials,  learn epic camera tricks & ‚Ä¶",Unclassified,,,0,174
UCpa-Zb0ZcQjTCPP1Dx_1M8Q,LegalEagle,Do you want to know how our legal system works?  You‚Äôve come to the right place.  LegalEagle is all about giving you an ‚Ä¶,Unclassified,,,0,818
UCD5ZsXiIFlrWrbOCM6rEDKQ,Leonid & Friends,Leonid & Friends,Unclassified,,,0,168
UCq6TJZjUFp877PkgeJkETew,Lester Picker,"My Youtube channel is designed with thoughtful, passionate photographers in mind. With more than 50 years experience in ‚Ä¶",Unclassified,,,0,49
UCSHZKyawb77ixDdsGog4iWA,Lex Fridman,Lex Fridman Podcast and other videos.,Unclassified,,,0,847
UCItFLm69UtzH5FYCnHJfAHg,LITTLE BIG BEAT STUDIOS,"LITTLE BIG BEAT STUDIOS offers high-end mixing and mastering plus filming and marketing services to artists, labels and ‚Ä¶",Unclassified,,,0,393
UCZ2wHrgU2nr0CoO0KNSDV5g,Live Nation,We bring artists and fans together around the üåé through the power of live events üé§ üé∏üé∂ Find upcoming tours near you at Li‚Ä¶,Unclassified,,,0,2164
UCOwiQHSjCZdLfurAAnh7v7w,LLTArchived2,,Unclassified,,,0,0
UCBeWUqDIm65lB9w9MuDAWrA,Locometric,,Unclassified,,,0,37
UCG2Any5yo0Lgiwf3o_GiF-A,Los Lonely Boys,Welcome to the Official YouTube Channel of Los Lonely Boys!,Unclassified,,,0,74
UCZrvodIV5I4meIJl8P2NF6A,Luke Million,Luke Million a.k.a. The Synth Lord,Unclassified,,,0,290
UCmRE4gvdeDkwf1oJrsabWWQ,MAKE. ART. NOW.,Follow your dreams with calculated abandon.    WHAT'S IN MY CAMERA KIT?  https://makeartnow.com/mykit  IG  https://www.i‚Ä¶,Unclassified,,,0,113
UCY1kMZp36IQSyNx_9h4mpCg,Mark Rober,Former NASA engineer. Current CrunchLabs founder and friend of science.  Answers to some common questions:  1) I make a ‚Ä¶,Unclassified,,,0,229
UCjvBO4kjuBSYe6Bi3RYQAQA,"Mary Kate ""M.K."" Williams","M.K. Williams shares her author journey and short, information-packed videos to help aspiring authors realize their ambi‚Ä¶",Unclassified,,,0,580
UCP5A5lVxaT7cO_LehpxjTZg,Matt Diggity,"Matt Diggity shares ""real"" SEO techniques that work because they're based on real test results.  No theory, no guesswork‚Ä¶",Unclassified,,,0,537
UCwdVOry0oNF9WIe_3uCfz9Q,Matt's Off Road Recovery,"We do off road towing, recoveries, and rescues. We cover beautiful southern Utah, near Zion National park.  We have a un‚Ä¶",Unclassified,,,0,978
UCFTEN8q_sQNHVENU4KcCMAA,Matthew Anderson,,Unclassified,,,0,87
UC4InHaWu_I_vSuBPlVj_L3Q,mbmars01,MBMARS Productions presents mbmars01 and mbmars02 (please subscribe to both channels) * Channel 1: mbmars01 (https://www‚Ä¶,Unclassified,,,0,544
UC1vts8sER8VOrgh9L8RyBOQ,Michael Ramsey:                       On The Riser,"Touring Drummer, Educator, Drum Technician    #drumlessons  #rickkroadtrip #biggunacdctribute #pearldrums #zildjiancymba‚Ä¶",Unclassified,,,0,142
UCYEiWHoP2IHHgjOapTAYMQw,Mike Russell,"I'm Mike Russell, from Music Radio Creative My mission is to provide you with the highest level of education in the fiel‚Ä¶",Unclassified,,,0,1926
UCYenDLnIHsoqQ6smwKXQ7Hg,#Mind Warehouse,,Unclassified,,,0,957
UCUHW94eEFW7hkUMVaZz4eDg,minutephysics,"Simply put: cool physics and other sweet science.  ""If you can't explain it simply, you don't understand it well enough.‚Ä¶",Unclassified,,,0,293
UCSL3dIAj0iMBz1V4Rz-AUFA,MOTIV8,hello and welcome to MOTIV8 this channel will be all about motivational speeches i hope you get inspired or motivated.,Unclassified,,,0,42
UCaVp-iXRPfiSxbkhmi56IHQ,MrMBB333,"My name is Michael, ""MrMBB333"" or as some call me ""The Earth Watchman"". Earth is a very fascinating place that is consta‚Ä¶",Unclassified,,,0,3297
UC5ve4DxNMLRXOetCYWFUkYw,M√∫sica Progressiva,"Canal criado para divulgar a M√∫sica Progressiva (Rock Progressivo) de todos os pa√≠ses, estilos e √©pocas.",Unclassified,,,0,74
UC8JT2m0mKEgvEtie3JNKwew,Naked Science,"Learn and discover with Naked Science, the channel dedicated to bringing you the world of science and technology.  Explo‚Ä¶",Unclassified,,,0,682
UC_7KM3ANRHy2zhQ_zl-C4XQ,Nathan Cool Photo,"Real estate photography tutorials, techniques, and industry news.",Unclassified,,,0,355
UCejgtTHroWI5sF_2-fuiF4Q,Nature's Always Right,"Explore gardening, homesteading, regenerative agriculture, and DIY farming with me, Steven. Follow my journey as I build‚Ä¶",Unclassified,,,0,391
UCqZQlzSHbVJrwrn5XvzrzcA,NBC Sports,"NBC Sports Group serves sports fans 24/7 with premier live events, insightful studio shows, and compelling original prog‚Ä¶",Unclassified,,,0,42060
UCCjG8NtOig0USdrT5D1FpxQ,NewsNation,"America‚Äôs source for fact-based, unbiased news for all Americans.  üì∫ Find us on your TV: https://www.newsnationnow.com/j‚Ä¶",Unclassified,,,0,75192
UCunQ-SNSI9uOZwrb62po_tQ,Next Level Riding Clinics,The Next Level Riding Clinics channel is all about informative video‚Äôs dedicated to the snowmobile community.,Unclassified,,,0,147
UCRmm7T6mAm-QBNvnEaIl3AA,Nick Johnston,https://www.patreon.com/nickjohnstonhomework,Unclassified,,,0,61
UCX9mv-ifhUnNrRi8qdscFeQ,Nick Powell Photography,"I am a professional photographer based in West Sussex, UK. I specialise in commercial, interior and property photography‚Ä¶",Unclassified,,,0,47
UCxMoaKZtWKFuHGr7LIInOOQ,Nick Stephenson,"I'm a USA Today Bestselling author of fiction (thrillers and sci-fi), non-fiction, and I also teach authors how to find ‚Ä¶",Unclassified,,,0,19
UCM2FoYtC-2PQzMr_gDfQnHg,No Film School,"Film, TV, and tech news to help make you a better filmmaker.",Unclassified,,,0,792
UC2mLN9pZNE8_ccLHmA1SHvA,NovationHelp,,Unclassified,,,0,184
UC5kQUZFCbuZQorVnzS6P_xA,Olivier Girard - the Posture Guy,"üß† I teach technically minded people how to use their body better ‚Äî to prevent pain, improve posture, and feel more in co‚Ä¶",Unclassified,,,0,442
UCdYVQ4i7eZD_GJkL4yxkKCw,Olufemii,"Nigerian-American Josh Olufemii founded Olufemii in 2015, with the goal of taking the mystique out of quality video prod‚Ä¶",Unclassified,,,0,735
UC2itzMBo0R0kHZ8cF7nrcaA,Oregon Public Broadcasting,"Oregon Public Broadcasting (OPB) is an independent, nonprofit media organization powered by the generous support of memb‚Ä¶",Unclassified,,,0,1521
UCeE3lj6pLX_gCd0Yvns517Q,Ozzy Man Reviews,"Reviewing wildlife, sport, WTF viral vids, conducting celeb interviews, and analysing the odd tv show or movie (it all s‚Ä¶",Unclassified,,,0,1121
UCTQnU1zyhvwscc2P5QS-tLw,Pakman Live,The David Pakman Show live and lifestyle clips!,Unclassified,,,0,1028
UCs030M7gu_Pi2ag9a12oa8w,Pan Rocks!,"Videos of all things ""Pan Rocks!: The Ultimate Steelpan Rock Show",Unclassified,,,0,68
UCpxYSWgxVt3Pyn1ovXsGQ0g,PBS Terra,PBS Terra is the home of science and nature shows from PBS Digital Studios. Subscribe to explore the frontiers of scienc‚Ä¶,Unclassified,,,0,455
UCkRhsBbu0tvQrXBtvpl0kIg,Peaches Skin Care,We want to help you love the skin you're in.  You don't need makeup or foundation to cover up your skin if you take care‚Ä¶,Unclassified,,,0,604
UCXElBPBCkhdDWMmCPMFq_6A,Peter Makholm,Peter Makholm petermakholm   PETER MAKHOLM  I am a video creator and gimbal operator.  My filmmaking evolves around cine‚Ä¶,Unclassified,,,0,216
UC9n0tUXP7QB5ALfg3PFO19A,Photography Pro,Let's be honest... You didn‚Äôt buy an expensive camera to take photos on Auto mode forever.   Photography Pro shares phot‚Ä¶,Unclassified,,,0,24
UChYbZdv4UApRyuAwCKMVuYg,Pixel Film Studios,"Established in 2006, Aliso Viejo, California-based Pixel Film Studios is an innovative developer of visual effects tools‚Ä¶",Unclassified,,,0,1933
UC9OFhiq5cs10XYGDwBO_7xg,Porcupine Tree,This is the official YouTube channel for Porcupine Tree.,Unclassified,,,0,49
UCWSRFubEPtc-EvqNChdc-ZQ,Portal Joss Stone,Portal Joss Stone www.facebook.com/PortalJossStone www.twitter.com/PortalJossStone www.instagram.com/PortalJossStone,Unclassified,,,0,244
UC2rzsm1Qi6N1X-wuOg_p0Ng,Project Farm,"I test all sorts of things, from tools to automotive products, to help viewers make informed purchasing decisions and to‚Ä¶",Unclassified,,,0,481
UCK5-hzSvMAPSSo2vH_LtNKw,Quazi Johir,"I started this channel in 2018, when I was deeply frustrated with the thought of working a 9-5 corporate job for the nex‚Ä¶",Unclassified,,,0,932
UC3uCNdbm9RZb3F_KZKX5u4w,Rainbow Gardens,"Genesis 9: 13-17  KJV 13  I do set my bow in the cloud, and it shall be for a token of a covenant between me and the ear‚Ä¶",Unclassified,,,0,947
UCif0FLmduEgE0i6ApPOf6IQ,RemotePilot101,,Unclassified,,,0,263
UCLBHPoY3NugnZYURxln3fKQ,Rene Ritchie,I make videos about technology and what it means for our culture and lives,Unclassified,,,0,497
UCCJ56k8nBeqWLoxNa6DToAQ,Rhett Shull,"Gear reviews, how to, lessons and vlogs from Atlanta/Nashville based guitarist Rhett Shull. Subscribe to stay up to date‚Ä¶",Unclassified,,,0,662
UCcp-HjtmTMeIJ-0RrSHSGLA,Rick Beato 2,Welcome to Rick Beato 2. On here you will find highlights and original short form content.,Unclassified,,,0,507
UCuR8L5fK6ZXyApcL7vMcv0g,Robert Benjamin,I created this YouTube channel to provide you with as much value as possible. I upload videos about how to grow on TikTo‚Ä¶,Unclassified,,,0,1493
UC5C-Asy_myoWCkLEtZR72SA,Rush,The official RUSH YouTube channel,Unclassified,,,0,84
UCJU1nWTl6sC_KaXgkqcnBnA,RV Pastor Kevin,,Unclassified,,,0,101
UC_tusQ99Bno--GHjhb1Aa6g,RyanNangle,"Final Cut Pro X Tutorials, tips, vlogs, gear reviews and free downloads!",Unclassified,,,0,311
UCegKDBFMUSQNeWe4FAB7aig,Sade,,Unclassified,,,0,4
UCpsHnULJAkwwckxzdmspKDw,sawyerhartman,Learn Photography | Stay Motivated Film Director / Travel Vlogger Making Content For Content Creators!  #photography #fi‚Ä¶,Unclassified,,,0,622
UCEtMRF1ywKMc4sf3EXYyDzw,ScottHermanFitness,I focus on keeping things simple.  The basics work and all you need to do is stick to them and be consistent to have you‚Ä¶,Unclassified,,,0,1977
UCRhV1rWIpm_pU19bBm_2RXw,Sean Carroll,"Theoretical physicist, writer and talker. Trying to understand how things work deep down.",Unclassified,,,0,553
UCxPmXKxJcDAhuYVHeFFyGTA,Sebastian Maniscalco,IT AIN'T RIGHT TOUR 2024 happening now! TOUR 2025 tickets are officially on sale now! #BOOKIE streaming now on MAX #TheP‚Ä¶,Unclassified,,,0,1445
UCJm2TgUqtK1_NLBrjNQ1P-w,Second Thought,Second Thought is a channel devoted to education and analysis of current events from a socialist perspective. Welcome!  ‚Ä¶,Unclassified,,,0,406
UCkOTYGNYxS6jq7JT3Fk5NEQ,Self Publishing Titans,"Subscribe to my channel. :) Learn how my wife and I sold 170,000 books on Amazon KDP.",Unclassified,,,0,74
UC4B8ywA2Cz_K95w2oeWxizg,Sell on Amazon,,Unclassified,,,0,522
UCadiUi-KZoFk1K5ZDsluLcA,Sen. Adam Schiff,Husband. Father. U.S. Senator for California. Fighting for an economy that works for everyone and for our democracy.,Unclassified,,,0,2321
UC5J-7sW8cVzCGyKN8ym4QsA,Serge Morgotch,"Everyone has a great story, and we want to help you tell it better through video. Tutorials on everything from filming, ‚Ä¶",Unclassified,,,0,450
UCN9Qw0JvYMh2HwmwSSy3n0w,Shawn Dolinski,"This Guy makes filmmaking & photography tutorials for everyday, average, regular people like you and me. So if you want ‚Ä¶",Unclassified,,,0,864
UCAc1soZsuAm94dgctvyGAzw,Shot by Myles,Yorkshire tea addict aiming to share knowledge on camera gear and filmmaking.  Check out the link below where I'll post ‚Ä¶,Unclassified,,,0,19
UCif4ZSCR6TQ9NgliluF6Ksw,SL Epoxy Floor Paint,,Unclassified,,,0,150
UCo1t7ajBc5r44Ejxnod-h7Q,Snarky Puppy,,Unclassified,,,0,11
UC_lGMZMTN7Oh9DRKV2eaMtg,SPACE DESIGN WAREHOUSE,"For Business/Sponsorship inquiries - Email me spacedesignwarehouse@gmail.com  Apple Computer Reviews, tech reviews, home‚Ä¶",Unclassified,,,0,247
UCN3d4-i8WLD7LP-9JgADIBg,Sterling Patrick Fuentes,,Unclassified,,,0,190
UC-9mlH6az1Q_XUP3fw1N4Fg,Steven Wilson,THE OVERVIEW - OUT NOW Get tickets to The Overview Tour 2025,Unclassified,,,0,262
UCUFoQUaVRt3MVFxqwPUMLCQ,StudioBinder,"StudioBinder is a production management solution that helps video and photo productions create call sheets, shot lists, ‚Ä¶",Unclassified,,,0,607
UCT5C7yaO3RVuOgwP8JVAujQ,Taskmaster,"Well done! You've found the #Taskmaster YouTube channel for full eps, exclusives, best bits, interviews and more!  New e‚Ä¶",Unclassified,,,0,1508
UCAVglge_6d2KfnNK3Ar_gag,Taylor Brown,"Welcome to my channel! I share Photo & Video tips. Currently based in the DMV area, USA & from Houston TX",Unclassified,,,0,145
UCVXr-MS0WcLk5m8D0iVkZ3A,Tazzie Tazzie,,Unclassified,,,0,1
UC6ckWeFOnxq5JNGdB5_QKcg,Ted the Butcher TV,,Unclassified,,,0,18
UC0p-6V0WzrDWfwUQlyKpv6w,Texas Academy of Family Physicians,,Unclassified,,,0,61
UCz0zSuukBglV2YwG3_7uKRg,The Apple Circle,Dedicated to covering everything Apple. Come take a bite with us. Part of JFL Network.  Please email info@theapplecircle‚Ä¶,Unclassified,,,0,374
UCuvjQYKukKjVyhSVxQibgOw,The Calum Johnson Show,Curious questions from a curious mind with the most remarkable people on the planet.  Hit the subscribe button and join ‚Ä¶,Unclassified,,,0,421
UCry6nxAo2tfVyO6lEboiU3w,The Carol Burnett Show Official,"Cited as one of the best TV shows of all time by TV Guide, Entertainment Weekly, TIME, Rolling Stone, and others, ‚ÄúThe C‚Ä¶",Unclassified,,,0,949
UCGq-a57w-aPwyi3pW7XLiHw,The Diary Of A CEO,"64% of our viewers don't realise they don't subscribe, please double check, thank you!!",Unclassified,,,0,516
UCJ0uqCI0Vqr2Rrt1HseGirg,The Late Late Show with James Corden,This is the official YouTube channel for The Late Late Show with James Corden on CBS.,Unclassified,,,0,5788
UCMtFAi84ehTSYSE9XoHefig,The Late Show with Stephen Colbert,"Welcome to the official YouTube channel for ""The Late Show with Stephen Colbert""! Weeknights at 11:35pm/10:35c.  Stream ‚Ä¶",Unclassified,,,0,12322
UCpYCxV51bykhMY-wSUozQRg,The Lincoln Project,The fight against Trumpism is just beginning.  The Lincoln Project launched with two stated objectives. The first was to‚Ä¶,Unclassified,,,0,2812
UCs9-XIXPfAF465u3OVdMILg,The People's Majority,,Unclassified,,,0,2766
UCiM2ZsguGDiGfsL2sUNatXQ,The Pineapple Thief,Official The Pineapple Thief TV Channel,Unclassified,,,0,46
UC9Ryt3XOGYBoAJVsBHNGDzA,Theoretically Media,"Welcome to Theoretically Media, I'm Tim!   For Sponsor/Partner Inquires: tim@smoothmedia.co  Anything Else: theoreticall‚Ä¶",Unclassified,,,0,311
UCTjDhFuGXlhx9Us0gq0VK2w,Times Radio,"Subscribe today, to stay informed.",Unclassified,,,0,17805
UCsN8M73DMWa8SPp5o_0IAQQ,Tomorrowland,Relive all the magical moments of Tomorrowland all year long.,Unclassified,,,0,2678
UCo33niDKpTpgwZ_dohqvylg,TubeBuddy,"Want to grow, get more views, and subscribers on YouTube? TubeBuddy is a browser extension that adds a layer of amazing ‚Ä¶",Unclassified,,,0,970
UC6OICk-ceplUJf4sCN3DMnQ,Tyler Stalman,Talking about the creative tools we use for our professional photo and video production.,Unclassified,,,0,308
UCHnyfMqiRRG1u-2MsSQLbXA,Veritasium,"An element of truth - videos about science, education, and anything else we find interesting.",Unclassified,,,0,460
UC9N2JaiIWYR2GEN1tgHAczA,Vic Firth,"At Vic Firth, we know you're passionate about the world of percussion.  So are we!  As drummers and percussionists, we s‚Ä¶",Unclassified,,,0,3984
UCSrPuHtKbst7Zy8pyWn_3Cg,What's Inside?,We cut open random things to see what's inside. This channel started with a 2nd grade school project to see what was ins‚Ä¶,Unclassified,,,0,332
UCEFZ7yABV_j9Ts3U18pZ1vw,Will Chidlow,Making videos and vlogging to improve my film making and share my progress with you all.,Unclassified,,,0,119
UCeeYm4DCcKiN6hmKBspX8Ig,ZHIYUN-TECH,"Welcome to ZHIYUN, a trailblazer in the dynamic world of gimbals. Our relentless focus on research and development fuels‚Ä¶",Unclassified,,,0,1088
UCY2p6zqx9LcPZci4KNqkEBg,Brad West,"Hi, I'm Brad. I am a video editor and filmmaker, who has been editing for over 15 years. I love helping others to become‚Ä¶",Travel/Vlogs,Other (Travel/Vlogs),Other,0,214
UCMlK5j8VTQHD21a79_cnZxA,Jasmine Hardie,I‚Äôm an outdoor enthusiast who aims to inspire you to get out and adventure. Come along on all the fun!,Travel/Vlogs,Other (Travel/Vlogs),Other,1,60
UCFIRm1Fv1VC4DZxmYyvNOTQ,Jeven Dovey,Helping you make better videos and tell interesting stories.  My name is Jeven Dovey.  I‚Äôm an adventure Filmmaker and I ‚Ä¶,Travel/Vlogs,Other (Travel/Vlogs),Other,1,997
UCJXz-QU2_KU7pSuWr12XTHA,Levi Allen,Adventure films from Levi Allen! Want to work together? Get int touch at http://LeviAllen.com/contact  Want to learn fil‚Ä¶,Travel/Vlogs,Other (Travel/Vlogs),Other,1,559
UCtM-xct7QQx0dL-swaMzYbg,Peter Lindgren,"Welcome to the channel! I usually talk about videography, photography or Final Cut Pro. And occasionally i do a review a‚Ä¶",Travel/Vlogs,Other (Travel/Vlogs),Other,0,676
UCDe08Fs0s0YKJuk5h45csAQ,Polyphia,Your destination for the best video content for all things Polyphia. Subscribe now to be the first to know when we post ‚Ä¶,Travel/Vlogs,Other (Travel/Vlogs),Other,0,175
UClgRkhTL3_hImCAmdLfDE4g,YouTube Movies,"YouTube's movies destination featuring the latest new releases, blockbusters and more.",Travel/Vlogs,Other (Travel/Vlogs),Other,0,0
UCaIalqLU0cYvTrc-3rKms1w,3DVista,"Welcome to 3DVista's YouTube channel. Here, you can find video tutorials and short clips with tips and tricks for creati‚Ä¶",Tech & Software,Other (Tech & Software),Other,0,82
UCNJ1Ymd5yFuUPtn21xtRbbw,AI Explained,"Covering the biggest news of the century - the arrival of smarter-than-human AI. The author of Simple Bench, exposing th‚Ä¶",Tech & Software,Other (Tech & Software),Other,0,128
UCwicfou4Ewu-koikmga-bEg,AI In Context,"AI is now everyone's problem. Let me catch you up.  I'm Aric. AI is fast-moving, confusing, and suddenly everywhere. It'‚Ä¶",Tech & Software,Other (Tech & Software),Other,0,16
UC5l7RouTQ60oUjLjt1Nh-UQ,AI Revolution,"The ultimate AI media channel for the greatest advancements in artificial intelligence, where we break down complex conc‚Ä¶",Tech & Software,Other (Tech & Software),Other,0,647
UCED3hlYdD0SlCff7jJ8tF3Q,AI Samson,"I help you to adapt, create, and thrive in the era of AI.  AI is transforming the way we create, work, and live. On this‚Ä¶",Tech & Software,tools,tools,1,786
UCORX3Cl7ByidjEgzSCgv9Yw,Anastasi In Tech,Podcast on the future of technology.  Please double-check that you‚Äôve subscribed ‚Äî it really helps us keep going. Thank ‚Ä¶,Tech & Software,tech,tech,1,92
UCgyvzxg11MtNDfgDQKqlPvQ,AuthenTech - Ben Schmanke,Authentic reviews of Tech = AuthenTech. Exploring innovative and exciting technology.   Business inquiries: yt @ authen.‚Ä¶,Tech & Software,tech,tech,1,1151
UCZRp6-Xvzo_dBFvt9L7y3Qw,Build Great Products,Helping you go from big idea to profitable app with AI. üöÄ  For the last 15 years I've been designing digital products an‚Ä¶,Tech & Software,Other (Tech & Software),Other,0,212
UCghY41qySm6IMH9VbRvf9VA,CopyandContentAI,"Imagine AI that‚Äôs SO powerful, it writes ALL of your customized sales copy and content FOR YOU (based on your specific c‚Ä¶",Tech & Software,tools,tools,1,209
UC08Fah8EIryeOZRkjBRohcQ,Creator Magic,"Creator Magic explores the latest AI tools and news, with a focus on AI coding. Our videos cover new AI tools, workflow ‚Ä¶",Tech & Software,tools,tools,1,162
UCA-mWX9CvCTVFWRMb9bKc9w,Dan Martell,My #1 passion is teaching.  #2 is building AI businesses.  I‚Äôve built and exited 3x tech companies.  Invested in 100+ ot‚Ä¶,Tech & Software,tech,tech,1,2519
UCpPnsOUPkWcukhWUVcTJvnA,Dave Dugdale,"(Updated 2020) I have not published a new video in sometime, but I plan on making more videos again, don't worry I am do‚Ä¶",Tech & Software,Other (Tech & Software),Other,0,469
UCka3OGDqIQnPcuh1DtWcBdw,Epic Tutorials for Mobile Filmmaking + EPIC LUTs,"Master the art of smartphone filmmaking on iPhone and Android with our EPIC tutorials, gear reviews, and color grading t‚Ä¶",Tech & Software,tools,tools,1,169
UCzz4CoEgSgWNs9ZAvRMhW2A,Everything Electric CARS,"Visit our LIVE exhibitions in Australia, the UK, USA, Canada & Europe: https://fullycharged.live/ Check out our sister c‚Ä¶",Tech & Software,tech,tech,1,1066
UConJDkGk921yT9hISzFqpzw,Freethink,"Tech‚Äôs Cultural Frontier. Covering the builders, ideas, and innovations shaping society. Changing media with Big Think.",Tech & Software,tech,tech,1,949
UC_RovKmk0OCbuZjA8f08opw,Futurepedia,Learn to leverage AI tools and acquire AI skills to future-proof your life and business.,Tech & Software,tools,tools,1,130
UC_Oz4jIU_rSmXaBH69kmddw,Johnny Davidson - Drumming & Hang Gliding,"Thanks for visiting my YouTube Channel. Please subscribe, like and share. Your support is inspiring!  *Tribute to RUSH -‚Ä¶",Tech & Software,Other (Tech & Software),Other,0,444
UCui4jxDaMb53Gdh-AZUTPAg,Liam Ottley,I‚Äôm an AI entrepreneur from New Zealand. In early 2023 I created the 'AI Automation Agency' or 'AAA' model based on my l‚Ä¶,Tech & Software,Other (Tech & Software),Other,0,191
UC6biysICWOJ-C3P4Tyeggzg,Low Level,Videos about cyber security + software security | New videos every week,Tech & Software,Other (Tech & Software),Other,0,327
UCMLtBahI5DMrt0NPvDSoIRQ,Machine Learning Street Talk,MLST is the top technical AI podcast on Spotify. Subscribe now! Welcome! We bring you the latest in advanced AI research‚Ä¶,Tech & Software,Other (Tech & Software),Other,0,301
UCqmjz2x7NffJRMg4mmeDTvg,magicplan,"magicplan is the app every contractor loves. Instantly create and share floor plans, field reports, and estimates with o‚Ä¶",Tech & Software,tech,tech,1,298
UCsPpLcxHv5XJw4Rx5GALUjg,MarketingBlocks AI,"MarketingBlocks is the World‚Äôs First Agentic AI Growth Engine built for Experts, Coaches, & Founders.  Imagine having a ‚Ä¶",Tech & Software,tools,tools,1,231
UChpleBmo18P08aKCIgti38g,Matt Wolfe,Exploring the capabilities of AI and the latest tech  Discover More: üõ†Ô∏è Explore AI Tools & News: https://futuretools.io/‚Ä¶,Tech & Software,tools,tools,0.517,496
UCawZsQWqfGSbCI5yjkdVkTA,Matthew Berman,"Artificial Intelligence (AI), Open Source, Generative Art, AI Art, Futurism, ChatGPT, Large Language Models (LLM), Machi‚Ä¶",Tech & Software,Other (Tech & Software),Other,0,742
UC_pT_Iz6XjuM-eMTlXghdfw,Max the Meat Guy,Check out MaxJerky! ü•© https://www.maxjerky.com  ‚Äî‚Äî‚Äî‚Äî‚Äî SUBSCRIBE and RING THE BELL to get notified when I post a video!  ‚Ä¶,Tech & Software,Other (Tech & Software),Other,0,700
UCJ9905MRHxwLZ2jeNQGIWxA,Microsoft Mechanics,Apply the newest tech from Microsoft to the work you do every day. Mechanics is Microsoft's official video series for IT‚Ä¶,Tech & Software,tech,tech,1,1119
UC8sibhG707qg5AlVlj5P3mw,Momentum Productions,My name is Josh Morgan and I am a tech nerd! I started my YouTube channel around filmmaking and cameras! Now I focus on ‚Ä¶,Tech & Software,tech,tech,1,1081
UC-_eueKsPcJUPnCguEufWPA,Nate's Tech,,Tech & Software,tech,tech,1,0
UCI6GYwCv9ZFkoiUgobwcLzQ,Performance AI,Here at Performance AI we strive to help you get the most out of your Tech.  More than that we are always going to show ‚Ä¶,Tech & Software,tech,tech,1,35
UClyyA0EAUcQ34b7jdFn1m_Q,ProCamera,"Welcome to the next dimension in mobile photography. ProCamera is an all-in-one app that features photo, video, and edit‚Ä¶",Tech & Software,Other (Tech & Software),Other,0,30
UCX6c6hTIqcphjMsXbeanJ1g,Prompt Engineer,"Join the AI, AGI, ASI Revolution !  Stay updated with all the latest advancements in the world of Artificial Intelligenc‚Ä¶",Tech & Software,Other (Tech & Software),Other,0,378
UC15W5y0lGyZD7DNIW_VmnyA,Raiv Creative,"We create cinematic, story-driven content entirely with AI ‚Äî no cameras, no sets, just pure creativity powered by techno‚Ä¶",Tech & Software,tools,tools,1,16
UCxp6k6RQ2oP6EmP0W5_J7-g,RichardTaylorTV,"Final Cut Pro, Post Production, Mobile Filmmaking, Tech,  Humor, Small Engine Yard Tools, Animal Rescue, Pop Culture ema‚Ä¶",Tech & Software,tools,tools,0.517,1164
UCmNAkARqTFvNoyxmFhKTS9Q,Rick Mulready,"Hey, I‚Äôm Rick and I'm here to simplify AI and share everything I know, and am learning along the way, about how you can ‚Ä¶",Tech & Software,tools,tools,1,61
UC0FBv8ckxw1hrZxbUm3G7hA,Rob The AI Guy,"On this channel I'll be teaching you how to use AI to increase your productivity, to make more money online and overall ‚Ä¶",Tech & Software,Other (Tech & Software),Other,0,202
UCwSozl89jl2zUDzQ4jGJD3g,Skill Leap AI,"üëá Stay on the cutting edge of AI!  I share the latest AI tools, models, and tips with easy tutorials and reviews.  üéì Lea‚Ä¶",Tech & Software,tools,tools,1,296
UCdngmbVKX1Tgre699-XLlUA,TechWorld with Nana,"Helping millions of engineers to advance their careers with DevOps & Cloud education üíô  I create new videos every month,‚Ä¶",Tech & Software,Other (Tech & Software),Other,0,139
UCHhYXsLBEVVnbvsq57n1MTQ,The AI Advantage,Build Your AI Toolkit: Practical Tutorials & Weekly Updates You'll Actually Use,Tech & Software,Other (Tech & Software),Other,0,611
UCKelCK4ZaO6HeEI1KQjqzWA,The AI Daily Brief: Artificial Intelligence News,Daily videos that help you understand the most important news and discussions in AI.   Listen to the AI Daily Brief as a‚Ä¶,Tech & Software,Other (Tech & Software),Other,0,1172
UCeAKdCMMS4I9waww0LDLqng,The Nerdy Novelist,The Nerdy Novelist is a channel about using AI and other author-related software to take the load off your shoulders so ‚Ä¶,Tech & Software,Other (Tech & Software),Other,0,362
UC7kCeZ53sli_9XwuQeFxLqw,Ticker Symbol: YOU,"Investing in innovation starts with understanding it.  My name is Alex. Before becoming a full-time investor, I spent 8 ‚Ä¶",Tech & Software,Other (Tech & Software),Other,0,359
UCRe2W-32N-_uStDULAEdyKA,Topaz Labs,Developer of image enhancement software based on proprietary technology. Visit http://www.topazlabs.com for more informa‚Ä¶,Tech & Software,Other (Tech & Software),Other,0,753
UCqcbQf6yw5KzRoDDcZ_wBSw,Wes Roth,"Artificial Intelligence, AI, Machine Learning, Google DeepMind, OpenAI, ChatGPT, Anthropic, Tech, Coding, AI News, Large‚Ä¶",Tech & Software,tech,tech,1,658
UC1KmNKYC1l0stjctkGswl6g,After Skool,We cannot change the world. But we can change ourselves...and that will change the world. The goal of this channel is to‚Ä¶,News & Commentary,world,world,1,233
UC3N1BvkmnYWqa3SSthhzReA,Allan Walls Photography,The Allan Walls Photography channel is all about helping ordinary people get the very most out of their photography. Vid‚Ä¶,News & Commentary,all,all,1,574
UCHIRBiAd-PtmNxAcLnGfwog,B&H Photo Video Pro Audio,"We love what we do. We are both professional and avid photographers, filmmakers, and audio professionals. We enjoy getti‚Ä¶",News & Commentary,world,world,1,5272
UCQbfC3DLce4TYulsmwf2lzQ,Ben Halsall: Final Cut Pro & Adobe Tutorials,"I am a videographer, editor, university instructor & teach Final Cut Pro & Adobe workshops across Canada.  Videos are of‚Ä¶",News & Commentary,world,world,1,631
UCOWF2oK605qOVfkCy3we32g,BFBS Forces News,Welcome to Forces News!  If you enjoy our videos don‚Äôt forget to give them a like üëç and subscribe to our YouTube channel‚Ä¶,News & Commentary,news,news,1,7475
UCQANb2YPwAtK-IQJrLaaUFw,Brian Tyler Cohen,Brian Tyler Cohen is one of the most viewed independent progressive political hosts on YouTube. Subscribe for daily brea‚Ä¶,News & Commentary,news,news,1,5929
UC4rlAVgAK0SGk-yTfe48Qpw,BRIGHT SIDE,"Whether you‚Äôre into recent discoveries, space exploration, true stories, fitness, fun tests, and riddles, or useful tips‚Ä¶",News & Commentary,all,all,0.395,10470
UC83jt4dlz1Gjl58fzQrrKZg,CNA,"Welcome to the official CNA YouTube channel.  Based in Singapore, CNA covers global developments with an Asian perspecti‚Ä¶",News & Commentary,news,news,1,47699
UCrk7jhruZVuLshUNh1qUi4g,COGconnected,"COGconnected is your go to spot for news, reviews, videos, previews and editorials on all things gaming with a little ge‚Ä¶",News & Commentary,all,all,0.717,2367
UC4QZ_LsYcvcq7qOsOhpAX4A,ColdFusion,"Hi, my name is Dagogo Altraide and I create and narrate all the videos on here. This channel aims to let you experience ‚Ä¶",News & Commentary,all,all,0.575,542
UCy6Q9UCG7Wa-N7nht2BFrHA,CSI Starbase,Thanks for checking out CSI Starbase on YouTube!  CSI Starbase is the Daily Show of Starship news.  Our goal is to explo‚Ä¶,News & Commentary,news,news,1,58
UCkUaT0T03TJvafYkfATM2Ag,Daily Stoic,"Stoicism for everyday life.   For those of us who live our lives in the real world, there is one branch of philosophy cr‚Ä¶",News & Commentary,world,world,1,3745
UCvixJtaXuNdMPUGdOPcY8Ag,David Pakman Show,"One of the most watched independent progressive programs in the country. Subscribe for daily new clips, interviews, deba‚Ä¶",News & Commentary,Other (News & Commentary),Other,0,40735
UC8wXC0ZCfGt3HaVLy_fdTQw,Digital Trends,Welcome to the official Digital Trends YouTube channel! Digital Trends was founded in 2006 with a simple mission: Give r‚Ä¶,News & Commentary,world,world,0.652,7506
UC_PYpOA0xGq2-24E3RWyOyw,Drone Canada,"Welcome to Drone club Canada, ‚ÄúWe‚Äôre obsessed with Drones‚Äù Please Subscribe Drone Canada channel. All the newest Drone n‚Ä¶",News & Commentary,all,all,0.559,109
UCknLrEdhRCp1aegoMqRaCZg,DW News,Journalism that‚Äôs Made for Minds. Follow us for global news and analysis from the heart of Europe. DW News delivers the ‚Ä¶,News & Commentary,news,news,0.81,42368
UC_Se32jLBjnOuftl1u3zfLw,Fluctus,Fluctus is a website and YouTube channel dedicated to sea geeks. Whenever you are curious or an incorrigible lover of th‚Ä¶,News & Commentary,world,world,1,1201
UCrWmonkmTk5NbvmVnc7f70w,Glenn Kirschner,"Glenn Kirschner brings analysis and insight to legal issues of the day, drawing from his 30 years as a federal prosecuto‚Ä¶",News & Commentary,all,all,0.559,2099
UCnbKOlm6H9njgmN-Yil90Rg,Heather Cox Richardson,Heather Cox Richardson is a political historian who uses facts and history to make observations about contemporary Ameri‚Ä¶,News & Commentary,Other (News & Commentary),Other,0,413
UCFQgi22Ht00CpaOQLtvZx2A,ITV News,ITV News has been providing trusted and impartial news for more than 60 years. On our YouTube channel you'll find the be‚Ä¶,News & Commentary,news,news,0.81,25206
UCMb0O2CdPBNi-QqPk5T3gsQ,James Hoffmann,"Hi! My name is James, and I make videos about anything and everything to do with coffee, occasionally food and sometimes‚Ä¶",News & Commentary,world,world,1,390
UCZG-C5esGZyVfxO2qXa1Zmw,Jared Polin,Are you looking to take better photos? Are you not sure how to use your camera or simply want to pick up a few photograp‚Ä¶,News & Commentary,all,all,0.395,3796
UC7Y1wd4-c4H2Cl0lAuNvJ-Q,jaybyrdfilms,"JayByrd Films is a global leading Aerial Production Company. We specialize in all things drones; including heavylift, ae‚Ä¶",News & Commentary,all,all,0.73,253
UCUSySH2YjIwsDu2Hx6DWwTA,Jesse Dollemore,Tired of the business-as-usual approach to talking about the news & politics that shape our world? So is Jesse Dollemore‚Ä¶,News & Commentary,news,news,0.681,5044
UCmGSJVG3mCRXVOP4yZrU1Dw,Johnny Harris,Independent journalist making videos that help you better understand the world Support my work here: https://www.patreon‚Ä¶,News & Commentary,world,world,1,486
UCqq3PZwp8Ob8_jN0esCunIw,Just For Laughs,"JustForLaughs Comedy, the official YouTube Channel of the Just For Laughs Comedy Festival. What's Just For Laughs? Oh, j‚Ä¶",News & Commentary,world,world,1,2281
UCLRlryMfL8ffxzrtqv0_k_w,KinoCheck.com,"KinoCheck ‚Äì Your Ultimate Movie Destination!  Welcome to KinoCheck, your #1 source for the hottest movie news, trailers,‚Ä¶",News & Commentary,news,news,1,7881
UCz8K1occVvDTYDfFo7N5EZw,Law&Crime Network,"Law & Crime is the leading multi-platform network that covers live court video, high-profile criminal trials, crazy crim‚Ä¶",News & Commentary,news,news,0.516,29755
UCJgZJZZbnLFPr5GJdCuIwpA,Legal AF,"Welcome to the Legal AF channel where, as part of the MeidasTouch Network, we curate breaking news stories combined with‚Ä¶",News & Commentary,all,all,0.559,3105
UC-6LDZDGRvS8XH9O8An4kEg,Live Your Message with Marisa Murgatroyd,"Hi, I'm Marisa Murgatroyd. Welcome to my channel! I‚Äôve coached and supported tens of thousands of people -- from side hu‚Ä¶",News & Commentary,world,world,1,420
UCM05jgFNwoeXvWfO9GuExzA,Luke Beasley,The Luke Beasley Show is a political humor and commentary program! Videos posted daily.   Want to support what we do and‚Ä¶,News & Commentary,Other (News & Commentary),Other,0,5069
UCknsp0YMH7BwVes8_bwWpnw,Mark Harrison,"Welcome to my channel!   When browsing my channel, I hope you'll be motivated to  experience the world, try new things, ‚Ä¶",News & Commentary,world,world,1,570
UCSzRlpPbZTA6b8weTKnSHlA,Mary Trump Media,You might know Donald Trump as the authoritarian conman wrecking the country from the Oval Office. Mary Trump just knows‚Ä¶,News & Commentary,news,news,1,1205
UC9r9HYFxEQOBXSopFS61ZWg,MeidasTouch,"The fastest growing independent news network in the world. We cover breaking news, politics, law and more. We are unapol‚Ä¶",News & Commentary,news,news,0.681,18421
UCFtEEv80fQVKkD4h1PF-Xqw,Microsoft,Our mission is to empower every person and every organization on the planet to achieve more.  Subscribe to Microsoft's o‚Ä¶,News & Commentary,all,all,0.575,1599
UCh35n5aqG8fF2tXXEtDd0EQ,Military News,,News & Commentary,news,news,1,217
UCaXkIU1QidjPwiAYu6GcHjg,MSNBC,"The official MSNBC YouTube Channel. MSNBC is the premier destination for in-depth analysis of the news, insightful polit‚Ä¶",News & Commentary,news,news,1,103518
UC0Z-E_L3z_JLVNuFoS8fefA,National Park Diaries,"Parks and Conservation Explainers.  National Park Diaries is your home for meaningful, educational stories about Nationa‚Ä¶",News & Commentary,all,all,0.67,183
UCtYKe7-XbaDjpUwcU5x0bLg,neo,"Neo creates educational short documentaries about topics ranging from politics, geography, media, society, and more.",News & Commentary,Other (News & Commentary),Other,0,78
UCjHz5SVHeMT0AViCYZvsGDA,NOVA PBS Official,Blowing your mind since 1974.    NOVA is the most-watched primetime science series on television reaching an average of ‚Ä¶,News & Commentary,world,world,1,1305
UC0XRm3cLtvjjceli-Oa1X2Q,ONSCENE TV,OnScene.TV is a team composed of highly dedicated photojournalists covering breaking news stories.   ONSCENE TV COVERS: ‚Ä¶,News & Commentary,news,news,0.612,8020
UCwpRQ_NrBJvGlwCG__qy9Og,Ordinary Filmmaker,"I'm just a guy that films, talks, and walks on ordinary ground. My vision is to deliver new,. rumours, informative revie‚Ä¶",News & Commentary,all,all,0.559,1818
UCrRttZIypNTA1Mrfwo745Sg,Paramount Plus,Now this is peak streaming.  The stars have aligned! Paramount+ is the streaming home of SHOWTIME¬Æ. Get the Paramount+ P‚Ä¶,News & Commentary,news,news,1,92054
UCaPZyvqGjmxdTUYhyf1zEkQ,Peter Leyden,Peter Leyden is an expert on new technologies and trends shaping the future.    Leyden worked for a series of innovative‚Ä¶,News & Commentary,world,world,1,79
UCKRoXz3hHAu2XL_k3Ef4vJQ,Pod Save America,"Pod Save America is a no-bullshit conversation about politics hosted by former Obama aides Jon Favreau, Jon Lovett, Dan ‚Ä¶",News & Commentary,news,news,0.516,3100
UCbU6Rve0XMNZ2a2yaYgjlTA,Pondering Politics,"I'm Jessiah, an American politics geek who wants to see more progressive policy, a more ruthless Democratic Party, and t‚Ä¶",News & Commentary,Other (News & Commentary),Other,0,3142
UCMOqf8ab-42UUQIdVoKwjlQ,Practical Engineering,"Practical Engineering is all about infrastructure and the human-made world around us. It is hosted, written, and produce‚Ä¶",News & Commentary,world,world,0.597,226
UCpJ7ZS8hK-IOeciv952Xhug,Really American,"Grassroots independent news network covering breaking news, current events, politics, and culture. Join our Really Ameri‚Ä¶",News & Commentary,news,news,1,3362
UCblfuW_4rakIf2h6aqANefA,Red Bull,"Experience the world of Red Bull like you have never seen it before, with the best action sport videos on YouTube.  You ‚Ä¶",News & Commentary,world,world,1,6719
UC50lv4EYY1N1_-B495meX8w,SketchUp,"SketchUp users are architects, designers, builders, makers and engineers. They are the people who shape the physical wor‚Ä¶",News & Commentary,world,world,1,2219
UCU-dblTpSJE0KkvHnj323LA,Space SPAN (Space Policy and News),Space policy and politics.  Visit our blog at www.spaceksc.com.,News & Commentary,news,news,1,893
UCMV3aTOwUtG5vwfH9_rzb2w,Spark,"Welcome to Spark, the home of science, tech, engineering and more. We will be uploading award-winning documentaries and ‚Ä¶",News & Commentary,world,world,1,1003
UCj1VqrHhDte54oLgPG4xpuQ,Stuff Made Here,I've been building things for as long as I can remember. It all started when my dad exposed me to plastic model building‚Ä¶,News & Commentary,all,all,0.575,38
UCyH3IAelkUFM0u6Iacx22lA,Tears For Fears,"Tears for Fears were always more ambitious than the average synth pop group. From the beginning, the duo of Roland Orzab‚Ä¶",News & Commentary,world,world,1,57
UCG4Hp1KbGw4e02N7FpPXDgQ,The Bulwark,The Bulwark was founded to provide analysis and reporting in defense of America‚Äôs liberal democracy.  That‚Äôs it. That‚Äôs ‚Ä¶,News & Commentary,news,news,1,7380
UCGB-czkAt6nLd3UrQ1eD0uw,The Chris Cuomo Project,The Chris Cuomo Project is the official podcast of award-winning veteran broadcast journalist Chris Cuomo. Chris‚Äô indepe‚Ä¶,News & Commentary,all,all,1,551
UCwWhs_6x42TyRM4Wstoq8HA,The Daily Show,"Jon Stewart and The Best F**king News Team host The Daily Show, an Emmy and Peabody Award-winning program analyzing the ‚Ä¶",News & Commentary,news,news,1,7819
UC7Q4rvzJDbHeBHYk5rnvZeA,The Humanist Report,The Humanist Report is a video + audio podcast. This channel disseminates sociopolitical and religious news stories that‚Ä¶,News & Commentary,news,news,1,6159
UCiWsyCYUN4QDgpL-2PGPckg,The Parallel Truth,The Parallel Truth offers educational mini documentary style videos to address curious minds. We will be unfolding myste‚Ä¶,News & Commentary,Other (News & Commentary),Other,0,86
UCAPciy143ZBXBrFpCVPnWDg,The Randall Carlson,"Welcome. Here, we explore the profound mysteries of our world‚Äîwhere science, symbolism, and ancient wisdom converge. I'm‚Ä¶",News & Commentary,world,world,1,1213
UCIzXayRP7-P0ANpq-nD-h5g,The Sun,"Get the latest news, exclusives, sport, celebrities, showbiz, politics, business and lifestyle from The Sun.",News & Commentary,news,news,1,28543
UCJjAIBWeY022ZNj_Cp_6wAw,The Tesla Space,"Welcome to the Tesla Space, where we share the latest news, rumors, and insights into all things Tesla, Space X, Elon Mu‚Ä¶",News & Commentary,news,news,0.542,597
UC1yBKRuGpC1tSM73A0ZjYjQ,The Young Turks,The Young Turks is The Online News Show. Join hosts Cenk Uygur & Ana Kasparian LIVE weekdays 6pm ET/3pm PT.  The Young T‚Ä¶,News & Commentary,all,all,0.559,69160
UC-8ywcgWTF2gMiPtrycZIcw,Time Bomb,"Welcome to timeBomb! If there's a water crisis impacting the U.S., I'm here to tell you the inside story.  Having retire‚Ä¶",News & Commentary,Other (News & Commentary),Other,0,62
UC88lvyJe7aHZmcvzvubDFRg,Timeline - World History Documentaries,Welcome to Timeline - the home of world history. Every week we'll be bringing you one-off documentaries and series from ‚Ä¶,News & Commentary,world,world,1,1227
UCEgYhf84VjXDz-W7a9-rdCQ,Two Bit da Vinci,"I'm Ricky, This is Two Bit da Vinci, an engineer's guide to the galaxy. Join us as we break down the complex stories sha‚Ä¶",News & Commentary,all,all,0.575,473
UCWF0PiUvUi3Jma2oFgaiX2w,VICE TV,"The TV channel from VICE.   Transparent, visceral and unfiltered. VICE's original, immersive docu-style content is the d‚Ä¶",News & Commentary,world,world,1,2367
UC6nSFpj9HTCZ5t-N3Rm3-HA,Vsauce,Our World is Amazing.,News & Commentary,world,world,1,609
UCuqdsYT5rFqw0L5oO_HwvgA,WarLeaks - Military Blog,"WarLeaks - Military Blog is an independent, educational and documentary military channel for military enthusiasts from a‚Ä¶",News & Commentary,all,all,0.575,647
UCaWd5_7JhbQBe4dknZhsHJg,WatchMojo.com,"We bring you top 10 lists across a variety of topics, including Music, TV, Film, and Video Games. With 6 or more fresh l‚Ä¶",News & Commentary,news,news,1,31041
UC_gUM8rL-Lrg6O3adPW9K1g,WION,"WION -The World is One News, examines global issues with in-depth analysis. We provide much more than the news of the da‚Ä¶",News & Commentary,world,world,0.61,233813
UCsy9I56PY3IngCf_VGjunMQ,Zeihan on Geopolitics,"Welcome to the Zeihan on Geopolitics YouTube Channel. Geopolitical Strategist Peter Zeihan is a global energy, demograph‚Ä¶",News & Commentary,all,all,1,926
UC-smeLB9AnOTeypr1YyjJ3A,ARTE Concert,,Music & Musicians,Other (Music & Musicians),Other,0,1453
UCZtDUmC3W7j25XHZWFT_XgQ,BBC Music,BBC Music brings you the biggest artists in the world from the biggest events.  There's tracks from the legendary festiv‚Ä¶,Music & Musicians,music,music,1,6608
UCC4vs_6IdURyXrwYa74k-jw,Blues Lounge,Blues Lounge channel is official music channel for a band performing under one alias - Brian Grey. The band first formed‚Ä¶,Music & Musicians,band,band,0.487,371
UCxNZMlrLOGO88BnFwNYgEEA,Bobby Bass,"Hey! I'm Bobby Bass, a musician who's passionate about music and loves to create unique and creative arrangements. I'm g‚Ä¶",Music & Musicians,music,music,1,203
UCAG3VrzHOmnNjrDeOpcZfFQ,Brooke C,Playing along to some of my favorite songs on here! Thanks for stopping by! Don‚Äôt forget to subscribe to see more drum c‚Ä¶,Music & Musicians,Other (Music & Musicians),Other,0,158
UCoUM-UJ7rirJYP8CQ0EIaHA,Bruno Mars,"The official YouTube channel of Bruno Mars.   Subscribe for the latest official music videos, live performances, officia‚Ä¶",Music & Musicians,music,music,1,104
UC6MvbqzzXu9E6SWM2Jf-g_Q,Calum Graham Music,This Canadian fingerstyle guitarist has enthralled millions of listeners around the world with his signature playing sty‚Ä¶,Music & Musicians,music,music,1,128
UC_hOdGU7CK_jfckv2C6kmFA,Chill Guitar Music,"üé∏ Chill Guitar Music is your go-to destination for smooth jazz, chillhop, and jazzhop, featuring relaxing guitar solos b‚Ä¶",Music & Musicians,music,music,0.56,75
UCKvKjZ3l9azWz4F49q2R3tQ,Coffee Relaxing Jazz,All music in this video and on this channel is original music by Coffee Relaxing Jazz.,Music & Musicians,jazz,jazz,0.647,130
UCtkcJMyK1F46NJ5WjX7hBSw,Dead Wax,"Musicians nerding out to great music. Hosts Jack Conte (Scary Pockets, Pomplamoose, CEO of Patreon) and Ryan Lerman (Sca‚Ä¶",Music & Musicians,music,music,1,142
UCPSu8IosaYxsVx5TOGFtjCg,Dirty Loops,Official YouTube Dirty Loops Band Page  Check out our shows & other stuff at www.dirty-loops.com,Music & Musicians,band,band,1,31
UCbzNcFN7cxA8HO18cTYyTfg,Doctor Mix,üéπüî• BECOME A SYNTH GURU ‚Äî OUT NOW! üî•üéπ   üëâ https://doctormix.com/synthesizer-guru/ üëà   üöÄ Join my video course today & save‚Ä¶,Music & Musicians,music,music,1,1335
UCBHhdnYxvu94yefpeZABY9g,Dream Theater,The official YouTube channel of the US progressive metal band Dream Theater.,Music & Musicians,band,band,1,310
UCRKUD_3V4q7qyAexSuiBIFw,El Conan,"Simply wanting to share my love of Jazz, Gospel, and Latin Christian Music",Music & Musicians,jazz,jazz,0.647,16
UCvrmr8Nfd86dG7pnSHC7c6Q,EllenPlaysBass,"13-year-old bass player from Las Vegas, Nevada. Started playing the bass in April 2020. The journey continues ...   Offi‚Ä¶",Music & Musicians,Other (Music & Musicians),Other,0,202
UCHlHSn0iwyYJg9LQETZ5R_Q,Four80East,Welcome to the official Four80East YouTube channel!  Four80East is an electro-jazz collective that‚Äôs all about the groov‚Ä¶,Music & Musicians,jazz,jazz,1,167
UCbd-QOxzNKQifQfSuaH5I0A,JackConteExtras,"I'm Jack! CEO of Patreon, half of Pomplamoose and half of Scary Pockets. I'm currently experimenting with this channel, ‚Ä¶",Music & Musicians,band,band,0.64,164
UC40gs0opj389ohjLnJIAJzA,Jonathan Young,Singer & music producer.,Music & Musicians,music,music,1,634
UCrBId04l9CaruJsQ5Q8y9lA,Kanade Sato,"Born in Saitama Prefecture, 2002.   Familiar with Jazz fusion and Pop music from an early age.   She self-taught the mel‚Ä¶",Music & Musicians,jazz,jazz,0.786,137
UCXZDUSJ0XU4KxhI00R_yCXQ,Lari Basilio,Musician. Guitar Player. www.laribasilio.com,Music & Musicians,Other (Music & Musicians),Other,0,258
UC74ssco0gFbhNpXHJyYcYEQ,Lexington Lab Band ¬ÆÔ∏è,Here you will find a collaboration of central Kentucky musicians tackling some of the most iconic artists of the last 50‚Ä¶,Music & Musicians,band,band,1,318
UC-RA5BzE_BnZhf5iVdNF1hA,loopop,"Loopop is all about in-depth electronic music & synth ideas tips, tricks and reviews!",Music & Musicians,music,music,1,397
UC3TqK2sSktlk7CmXGpw7_Cg,Low End University,"Low End University was founded by Mark Michell, an internationally-touring and recording bassist known for his work with‚Ä¶",Music & Musicians,jazz,jazz,0.647,326
UClI2TvzZX2IkZ_usZV8QOvA,Mack Avenue,"The official YouTube channel for Mack Avenue Music Group, a family of labels including Mack Avenue Records, Artistry Mus‚Ä¶",Music & Musicians,music,music,0.831,1647
UCZiGGE0e0DctISlShAILbjQ,Marcin,Marcin's official channel. Website: https://marcinofficial.com Instagram: https://www.instagram.com/marcin.music TikTok:‚Ä¶,Music & Musicians,Other (Music & Musicians),Other,0,48
UCKrWgJg6GU9OwC-5fSqfB1g,Martin Miller,"I‚Äòm Martin Miller, a musician from Leipzig, Germany, born in 1985. I‚Äòve been a professional musician my entire adult lif‚Ä¶",Music & Musicians,band,band,0.64,245
UCh1vNDTd-d60UEJRf6BAUZA,Matt Johnson‚Äôs Keyspace,I have been the keyboard player from Jamiroquai for the last 22 years as well as an in demand session player and produce‚Ä¶,Music & Musicians,music,music,1,132
UC_P_VjGqCyjQyCwBUPu4lHg,Milo Andreo,"Se seu sonho √© aprender a tocar teclado e piano, voc√™ est√° no lugar certo! N√£o importa se voc√™ acha que ""n√£o leva jeito""‚Ä¶",Music & Musicians,Other (Music & Musicians),Other,0,935
UC-9-kyTW8ZkZNDHQJ6FgpwQ,Music,"Visit the YouTube Music Channel to find today‚Äôs top talent, featured artists, and playlists. Subscribe to see the latest‚Ä¶",Music & Musicians,music,music,1,0
UCV-gQcOtKcxOPaPk1MVe4jQ,Music Shed,,Music & Musicians,music,music,1,557
UCPhq7iR65k0gWcraXgLiY1A,Nigel John Stanford,"Music from Nigel Stanford. Cymatics, Audio Visualization, Robotic Instruments from Wellington, New Zealand",Music & Musicians,music,music,1,31
UCFPzKZg-By8_DtBJiEDLcJw,NOAPOLOGY,Booking: booking@noapologyband.com Visit our official web site: http://noapologyband.com  BAND LINE UP:  Daria Zaritskay‚Ä¶,Music & Musicians,band,band,1,123
UC4eYXhJI4-7wSWc8UNRwD4A,NPR Music,"The official YouTube channel for NPR Music featuring Tiny Desk Concerts, live shows, documentaries and more.  Find more ‚Ä¶",Music & Musicians,music,music,1,2823
UC4hELpI0Zw3t7ASEGkgkmZA,Peter Barber,"Professional singer, music producer, YouTuber, and 1/4 of The Bass Gang.",Music & Musicians,music,music,1,779
UCbOh7f6EoY4K-2Vvii-17xg,PHANTOM,PHANTOM A ROMEO & CO. MUSIC PROJECT,Music & Musicians,music,music,1,197
UC-MEgsEcEkbSuPWpu4a-PzQ,Plini,Bedroom musician from Sydney. I like food and stuff.,Music & Musicians,Other (Music & Musicians),Other,0,132
UCNB_pp1iJiEDvTxO5wENMZA,Puddle Of Mudd TV,"Welcome to the Official Puddle of Mudd YouTube Channel - Puddle Of Mudd TV! Follow the band LIVE, join the band on stage‚Ä¶",Music & Musicians,band,band,1,239
UCjIrqdXaUzYEEAIib8bsBrw,ReelinInTheYears66,"Reelin' In The Years Productions houses the world's largest library of music footage, containing over 30,000 hours of ma‚Ä¶",Music & Musicians,music,music,1,3232
UCCD_GyqAJ2w5UpH9R4yIEjw,Reinhardt Buhr,"Multi-Instrumentalist Reinhardt Buhr has composed 16 albums. At the end of 2019, his work went viral through social medi‚Ä¶",Music & Musicians,music,music,0.529,231
UCJquYOG5EL82sKTfH9aMA9Q,Rick Beato,Everything Music,Music & Musicians,music,music,1,1978
UC5UbM7c9BhNBto3_zDcdr4w,RMNS Channel,ABOUT US: Hi! We are RMNS Channel where every day our music is encoded and upload at its best. Most of them are encoded ‚Ä¶,Music & Musicians,jazz,jazz,0.534,5
UCpVqUbp1Q3LPlOg4DG6F6pQ,Ronny Jordan - Topic,"Robert Laurence Albert Simpson, known professionally as Ronny Jordan was a British guitarist and part of the acid jazz m‚Ä¶",Music & Musicians,jazz,jazz,0.846,134
UC-2JUs_G21BrJ0efehwGkUw,Scary Pockets,"We are Scary Pockets, a funk band that releases weekly music videos and covers, in pursuit of the funk. Scary Pockets is‚Ä¶",Music & Musicians,band,band,0.64,422
UCWTj3vCqkQIsrTGSm4kM34g,Scott's Bass Lessons,"Your hub for all things bass guitar - online bass lessons, artist interviews, gear reviews, song breakdowns, and so much‚Ä¶",Music & Musicians,Other (Music & Musicians),Other,0,2124
UCv7Bgr5Mq-dPYu-Ol4AocEA,Shinedown,Shinedown's OFFICIAL YouTube channel.   Listen/watch new music here and subscribe for official content: https://lnk.to/S‚Ä¶,Music & Musicians,music,music,1,419
UCGn3-2LtsXHgtBIdl2Loozw,sina-drums,"I love making music, playing drums and working together with other musicians. On this channel, you will find drum covers‚Ä¶",Music & Musicians,music,music,1,631
UCE-xQTbJXX0wBi_cbA7-XAw,Sons of Legion,"Sons of Legion is a powerhouse blend of rock, soul, and blues, delivering raw energy and heartfelt grit with every perfo‚Ä¶",Music & Musicians,music,music,1,285
UCpDJl2EmP7Oh90Vylx0dZtA,Spinnin' Records,The Spinnin‚Äô Records YouTube channel is the home for all music videos of the world‚Äôs leading dance record label!  We fea‚Ä¶,Music & Musicians,music,music,1,13073
UClKIjbgtWGzHtXhBDS_I0pg,State Azure,Electronic music producer and composer from the UK.,Music & Musicians,music,music,1,597
UC9tnwOsaA7T29VuUCuXvr7g,Stewart and Alina,"As a husband and wife team, we have spent the last 10 years creating every kind of video and photo content you can think‚Ä¶",Music & Musicians,music,music,1,197
UCN-JravNOcJu1KBAeuecQ0Q,Tal Wilkenfeld,"Tal Wilkenfeld‚Äôs album 'Love Remains,‚Äô which debuted at number 1 on the Billboard Heatseekers chart is a testament to th‚Ä¶",Music & Musicians,Other (Music & Musicians),Other,0,25
UCaHkDyvWVXXAGyG2lURMaYg,Tennessee Brando,"The YouTube Channel for Social Commentator, Singer Songwriter and Meidas Touch Contributor ‚ÄúTennessee Brando!‚Äù",Music & Musicians,Other (Music & Musicians),Other,0,2706
UCFlXQdhS9koeFIxUagXhb4g,thatbassvoice¬Æ,"I‚Äôm Eric Hollaway - better known as thatbassvoice.  My voice drops low, hits deep, and doesn‚Äôt play by the rules. On thi‚Ä¶",Music & Musicians,jazz,jazz,0.647,439
UCB81DRhPwVoUQcVNp3dBIXQ,The Graystones,"We're The Graystones and we love music. We hope to share our journey as we improve as musicians, performers and song wri‚Ä¶",Music & Musicians,music,music,0.771,39
UCvEO0vHclzNfDYCyKQV5TsA,The Wellermen,"The Wellermen‚Äôs history is well-known: originators of the sea shanty trend on Tiktok, they‚Äôve since gone from strength t‚Ä¶",Music & Musicians,band,band,1,424
UCp9GmsywyVNLdpu8iB0d9Mg,Tim Welch Vocal Studio,"Breaking down WHY you love the artists you love, note by note.   I've been a vocal coach for the last 25 years, building‚Ä¶",Music & Musicians,music,music,0.522,303
UCUZM6dU9lRVEfrZF3EFrzWQ,Yello,This is the official YouTube Channel by the electronic music pioneers YELLO.,Music & Musicians,music,music,1,14
UC36i_MUpwgeDpXFE4YzAXpw,Yuqing Guo,Learn One Shot 360 Magic . master your 360 cameras like never before and finally become the magician of your own life wi‚Ä¶,Music & Musicians,Other (Music & Musicians),Other,0,443
UCpF9KnCcZM9KWovxn3TtZ9Q,YYNOT,Progressive Hard Rock Band. Classic Rush and Originals   Adi Argelazi: Vocals Billy Alexander: Guitar/Vocals  Tim Starac‚Ä¶,Music & Musicians,band,band,1,114
UC2D2CMWXMOVWx7giW1n3LIg,Andrew Huberman,"The Huberman Lab podcast is hosted by Andrew Huberman, Ph.D., a neuroscientist and tenured professor in the department o‚Ä¶",Health & Fitness,health,health,1,401
UCe0TLA0EsQbE-MjuHXevj2A,ATHLEAN-X‚Ñ¢,"Welcome to ATHLEAN-X‚Ñ¢ on YouTube!  This is where you can find all the latest FREE workouts, nutrition and training advic‚Ä¶",Health & Fitness,Other (Health & Fitness),Other,0,1632
UC0N-iKBpHZlhSFu6BqLsHWQ,AV-Ultra,"2010- 2015 I had the opportunities to train several Fortune 500 companies. Some of my clients include: Wells Fargo, Kohl‚Ä¶",Health & Fitness,health,health,1,78
UCXnFys9ZXBE0uyDhKHUi-dA,Dr. Andrea Furlan,"I am a physician, scientist and professor of Medicine in Toronto, Ontario, Canada.  2022 Toronto's Top Doctor in Pain Ma‚Ä¶",Health & Fitness,medical,medical,0.787,660
UCFAsatVhnrL8j7NXVWvK23A,Dr. Leo,"Welcome to my channel, where you can watch educational videos on the topics of weight loss and healthy lifestyle.  I ach‚Ä¶",Health & Fitness,medical,medical,1,20
UCIe2pR6PE0dae9BunJ38F7w,Dr. Sten Ekberg,"Health Channel that focuses on all aspects of Natural Health & Wellness featuring Olympic decathlete & holistic doctor, ‚Ä¶",Health & Fitness,health,health,1,684
UCSsAoV6KrfZZ71Kkwb_GWVA,Dr. Susan Hardwick-Smith,"Meet Dr. Susan, a renowned Board-Certified Gynecologist and Certified Menopause Practitioner through the Menopause Socie‚Ä¶",Health & Fitness,medical,medical,1,326
UCKvJ_vxZZoN5yeWBU2CVGcQ,Fit Father Project - Fitness For Busy Fathers,"We help Dads, and men over 40 lose weight, build muscle, and create lifelong health for themselves and their family!  We‚Ä¶",Health & Fitness,health,health,1,1026
UCgBg0aacyJnw4qUnb1FlfEQ,Institute of Human Anatomy,"üß† The Institute of Human Anatomy (""IOHA"") is a private human cadaver laboratory that educates health, fitness, and medic‚Ä¶",Health & Fitness,medical,medical,0.552,901
UCIma2WOQs1Mz2AuOt6wRSUw,KenDBerryMD,"Evidence-Based Nutrition + Ancestral Health  I‚Äôm Dr. Ken Berry, a Board Certified Family Physician, and the Proper Human‚Ä¶",Health & Fitness,health,health,1,1972
UCnAGH-jp4YXl30rir1BPrxA,Keto Recipes,Dr. Eric Berg is a chiropractor who has 30 years of experience in healthcare and specializes in healthy ketosis and inte‚Ä¶,Health & Fitness,health,health,1,296
UCKqf_mRynhJ_o0oGOH4VNvg,"Marla Heller, MS, RD, Mediterranean & DASH expert",Marla Heller is a DASH diet expert and the NY Times bestselling author of 5 DASH diet books. Marla's Mission is making t‚Ä¶,Health & Fitness,health,health,1,13
UCG-iSMVtWbbwDDXgXXypARQ,MedCram - Medical Lectures Explained CLEARLY,Clinicians and students deserve better medical education!  We‚Äôve sat through dense PowerPoint lectures with way too much‚Ä¶,Health & Fitness,medical,medical,1,621
UCqBERDzM6ZcovT1s01kIrVg,Michigan Foot Doctors,Michigan Foot Doctors has a goal of empowering you to find the right doctor or care for your medical problem. All inform‚Ä¶,Health & Fitness,medical,medical,1,1438
UCdQ_ZkYaMe6qPoueUyPQgpQ,Photoshop Training Channel,"Photoshop Tutorials for beginners.   Hi, I'm Jesus Ramirez! I'm here to help you learn Adobe Photoshop and Lightroom!   ‚Ä¶",Health & Fitness,Other (Health & Fitness),Other,0,598
UCnA2IGSh8jOPPiz20oamKzA,Planet Fitness Beginner,"For $10 a month and 24/7 access to the gym plus a free trainer anytime you'd like, you'd be crazy not to join Planet Fit‚Ä¶",Health & Fitness,Other (Health & Fitness),Other,0,42
UCaw4VmRW8SfygV2u044OpoQ,POP PSYCH,"Welcome to my channel!    I am a licensed Psychologist, with an M.A. in Marriage and Family Therapy, and a Ph.D. in Coun‚Ä¶",Health & Fitness,Other (Health & Fitness),Other,0,938
UC-Qy-4esLdXmO1F6k5kz0Qg,Ripple Training,"Founded in 2002, Ripple Training Inc. is an online digital training and content distribution company specializing in sof‚Ä¶",Health & Fitness,Other (Health & Fitness),Other,0,1009
UC00LJoYxVb0T8e5miMBl0EQ,Southwestern Health Resources,Southwestern Health Resources (SWHR) is a national leader in population-based healthcare. Combining the strengths of UT ‚Ä¶,Health & Fitness,health,health,0.709,14
UCx5KB2QDUDH-o8PFnF3yJCQ,The Basic Filmmaker,"The Basic Filmmaker helps people create better videos for YouTube, focusing on audio and sound, video editing, and provi‚Ä¶",Health & Fitness,Other (Health & Fitness),Other,0,778
UCJASBOyF4Fkd26SIwRhLuZw,Tone and Tighten,"Hi - I'm Jared! I am a doctor of physical therapy who specializes in rehabilitating orthopedic (back, neck, shoulder, kn‚Ä¶",Health & Fitness,medical,medical,0.712,708
UCa09am-cOsC-FSgr_nLkFFA,ZOE,Hit subscribe for the best science-led health & nutrition content,Health & Fitness,health,health,1,481
UCNWb1R70xnomfDf6Iu0uZ2Q,Burkland Gardens,Burkland Gardens is a plant nursery in Washington state specializing in dwarf and unusual conifers owned by Travis and J‚Ä¶,Gardening & Outdoors,garden,garden,1,94
UCARXOI1UlItgIevoI5jZViQ,CaliKim29 Garden & Home DIY,"If you're looking to grow fresh, organic food in simple and cost-effective ways, CaliKim is your go-to guide for all thi‚Ä¶",Gardening & Outdoors,garden,garden,0.545,1840
UC-eicAkiRdGLguiS1dS_N9Q,Clay Hayes,"We make the best traditional archery, bow building, recurve bow hunting, bushcraft, and survival skills videos on the we‚Ä¶",Gardening & Outdoors,garden,garden,1,473
UCSbyncU597LMwb3HhnAI_4w,Epic Gardening,"We exist to help you grow. Dive in to our in-depth grow guides, inspiration, tips, and tricks.",Gardening & Outdoors,gardening,gardening,1,730
UC_kg1A_YPAa66hZWq7VPg7Q,Garden Answer,Garden Answer | Fun DIY and Garden Videos   www.youtube.com/gardenanswer www.facebook.com/gardenanswer Twitter @gardenan‚Ä¶,Gardening & Outdoors,garden,garden,1,2642
UCigpI42Fq8aYp6IDIoDSqQQ,Garden Style nw,"Sharpen your gardening skills and gain expert advice from Nursery owner, Garden Designer and Horticulturist Debbie Cassi‚Ä¶",Gardening & Outdoors,garden,garden,0.6,133
UCWsI0LmiDyezbnN2JCL4P9w,Gardener Scott,"The Gardener Scott channel offers thorough videos that show how to garden, explanations of why it works, gardening philo‚Ä¶",Gardening & Outdoors,gardening,gardening,0.714,870
UCnPPpuLBjQZYC6M2BDxd0Ew,Gardening Products Review,"Honest, unbiased reviews of a wide range of gardening products. If it's used in the garden, we review it!  We show you t‚Ä¶",Gardening & Outdoors,gardening,gardening,0.625,90
UCptL6_qMImyW_yZwiMjQdpg,Gary Pilarchik (The Rusted Garden),This is a 'Teaching Channel' that is dedicated to vegetable gardening and growing food. Use the timestamps to navigate q‚Ä¶,Gardening & Outdoors,garden,garden,0.75,2162
UC9r61qohBg1qgGty4_WzojA,GrowVeg,We're passionate organic gardeners who love growing our own food and helping others. We produce the very best vegetable ‚Ä¶,Gardening & Outdoors,garden,garden,1,561
UC5PA3oLhFbaba-LlbR_xVNg,joegardenerTV,Welcome to joegardenerTV. My passion is organic gardening & growing food. I created this channel to teach you everything‚Ä¶,Gardening & Outdoors,gardening,gardening,0.857,268
UCUnFheTbVpASikm0YPb8pSw,Learn Organic Gardening at GrowingYourGreens,Growing Your Greens is one of the most watched gardening show on youtube. It's a fun and enlightening show on how to gro‚Ä¶,Gardening & Outdoors,gardening,gardening,1,1806
UCVGVbOl6F5rGF4wSYS6Y5yQ,MIgardener,"Welcome to MIgardener!  Learn how to garden easier, smarter, and have more fun gardening! Join me for weekly videos abou‚Ä¶",Gardening & Outdoors,gardening,gardening,0.667,2312
UCcJceGUaevGlP7s2xzL9akA,Next Level Gardening,"If you‚Äôre a beginning gardener or someone who has been growing food and flowers for years,  I will help you take your ga‚Ä¶",Gardening & Outdoors,gardening,gardening,1,533
UCxv1rK6prSp2aoNqNyxD_Vg,Nick Page,"Landscape photography vlogs, gear and tutorials.",Gardening & Outdoors,Other (Gardening & Outdoors),Other,0,279
UCkJld-AoXurbT2jDnfM8qiA,Nigel Danson,I am passionate about landscape photography and the great outdoors.  Follow my adventures taking beautiful landscapes in‚Ä¶,Gardening & Outdoors,Other (Gardening & Outdoors),Other,0,435
UCAhcelYvyDAPy0cn_sscWkw,Off Grid In The Pacific North West,This channel is committed to sharing life and experiences  in the Pacific North West. We live off the Grid and Have a gr‚Ä¶,Gardening & Outdoors,Other (Gardening & Outdoors),Other,0,830
UCQGv_dy-oLeu5SSgz2_8i8w,Project Diaries,Welcome to Project Diaries! ‚Äã Project Diaries is an ever growing Gardening Community and information Youtube Channel bas‚Ä¶,Gardening & Outdoors,gardening,gardening,0.5,136
UC9V_-gqJsZNOy4v_HqbRz3w,The Gardening Channel With James Prigioni,"Gardening is my passion, and growing Food Forests is my specialty. I go beyond organic gardening and work with nature ra‚Ä¶",Gardening & Outdoors,gardening,gardening,0.833,707
UCx4pIz6Xb3xeC5tz9MYZfWg,V V,Gardening tips and how to's,Gardening & Outdoors,gardening,gardening,1,99
UC6AFPIXFIHYZItD0fmgDN9Q,Above Ground Pool Builder,Your above-ground pool installation specialists. Providing above-ground pool and liner installations since 1997.,DIY/Home/Services,Other (DIY/Home/Services),Other,0,59
UCIXKkzlHjD1rUPOLRfJZvrg,Becki and Chris,"Becki's new channel:https://www.youtube.com/@beckipeckham  We're Becki and Chris, we produce content centered around our‚Ä¶",DIY/Home/Services,diy,diy,0.526,455
UC9xpl8LyFRsKXASGHBBj_xQ,Building Integrity,Building Integrity is an educational channel covering current events and lessons in the engineering and construction ind‚Ä¶,DIY/Home/Services,Other (DIY/Home/Services),Other,0,63
UCNzszbnvQeFzObW0ghk0Ckw,Dave's Garage,"Windows History, Windows vs Linux Comparisons, Arduino Project Tutorials, Shop Projects, ESP32 Information, and more in ‚Ä¶",DIY/Home/Services,diy,diy,1,509
UCpr-NNORb2UQYDD3k-w-OFg,Denys Davydov,Go to https://ground.news/denys for local and global updates on Ukraine.  Every road is a home and every road is the hom‚Ä¶,DIY/Home/Services,home,home,1,1442
UCBB0oz7Yo_35gnbPYGKGJTA,Diesel Creek,HEAVY EQUIPMENT REVIVAL - REPAIR - RESTORATION - CONSTRUCTION,DIY/Home/Services,Other (DIY/Home/Services),Other,0,387
UCEAY1udDi0HBnu7BbxDsJUg,DIY PETE,"Interested in Sponsorships, Reviews, or working together? Please send all inquiries to:  diypete@influint.co  I have som‚Ä¶",DIY/Home/Services,diy,diy,1,163
UCt9kG_EDX8zwGSC1-ycJJVA,Elementor,Elementor is the leading website builder platform for WordPress web creators. It empowers seamless web creation through ‚Ä¶,DIY/Home/Services,Other (DIY/Home/Services),Other,0,797
UCzr30osBdTmuFUS8IfXtXmg,Essential Craftsman,"40+ years of building experience, all in one channel. Learn house-building, carpentry & construction, blacksmithing, saf‚Ä¶",DIY/Home/Services,Other (DIY/Home/Services),Other,0,880
UCw9zJ3qnebPPGsutiEAvu5Q,Full Time Filmmaker,Your Creative Home Base,DIY/Home/Services,home,home,1,302
UCnorhjQR4zJkT7AVNhu395Q,Home RenoVision DIY,"Learn How to Renovate Like a Pro Welcome to Home RenoVision DIY, where we empower homeowners to renovation, save money, ‚Ä¶",DIY/Home/Services,home,home,0.692,1023
UCpJ1vJPFqImom-NN2fkBS0A,HouseImprovements,I produce how-to DIY home improvement videos to help people of all skill levels. I've been a professional in the constru‚Ä¶,DIY/Home/Services,diy,diy,0.526,484
UCqyRc7Thu1T7qLIPvy0r7JA,I Love RV Life,Welcome to I Love RV Life. There are numerous RV sites from seasoned full-timers to wide ranging forums. Joan and I want‚Ä¶,DIY/Home/Services,home,home,1,403
UCR-DXc1voovS8nhAvccRZhg,Jeff Geerling,"Father, author, developer, maker. Sometimes called ""an inflammatory enigma"".",DIY/Home/Services,Other (DIY/Home/Services),Other,0,528
UCa6vGFO9ty8v5KZJXQxdhaw,Jimmy Kimmel Live,"The official Jimmy Kimmel Live! YouTube Channel. Home of Celebrities Read Mean Tweets, YouTube Challenges and the rest o‚Ä¶",DIY/Home/Services,home,home,1,7566
UC4oVjJptcsvtgIMrdIUQYlQ,LADbible Stories,"Welcome to LADbible Stories, the home of original shows and extraordinary stories told by real people.   Here, you‚Äôll fi‚Ä¶",DIY/Home/Services,home,home,1,1437
UCReiNw77Lw8Es5VMNekirrw,Leggari Products,Leggari is a coating based channel (metallic epoxy & concrete overlay) that will show you how you can use our products a‚Ä¶,DIY/Home/Services,diy,diy,1,919
UCQhuXR2O6MpsCHfByBiF10Q,Pavement Repair Products Co.,"The FASTPATCH line of products gives you the tools to repair concrete spalls, break-outs or voids in everything from air‚Ä¶",DIY/Home/Services,Other (DIY/Home/Services),Other,0,7
UCtrdEiQnaRrmseXgggjt3Dw,Plaid Crafts,"We are makers of FolkArt Paint, Mod Podge, Apple Barrel Paint,  Bucilla & more! Connect with us across social media (@Pl‚Ä¶",DIY/Home/Services,diy,diy,1,1883
UCNl2ziy9FwESuahXMyfCRVA,RV Tips & Travels,Hey there üëã I'm Ross & behind the camera is my wife Tara.  I'm an RV owner & a registered RVTAA technician.  I created t‚Ä¶,DIY/Home/Services,Other (DIY/Home/Services),Other,0,136
UCy4vTBzImDfSEQejeWt-xVA,RVstreet,"RVstreet is a DIY, How-To, RV Channel and has become a fast growing, go to source on how to maintain, repair & upgrade y‚Ä¶",DIY/Home/Services,diy,diy,1,122
UCjyDzADaZy1WFUWqFmfcHJg,StreamGeeks,"Welcome to the StreamGeeks YouTube Channel. Home for our live streams, video recordings, podcasts and other streaming me‚Ä¶",DIY/Home/Services,home,home,1,686
UCFhMWAVkp-3T2YnwdwH0TXQ,SVS,"SVS is a Youngstown, Ohio-based home audio brand built on engineering excellence and a passion for uncompromising sound ‚Ä¶",DIY/Home/Services,home,home,1,245
UC6n8I1UDTKP1IWjQMg6_TwA,The B1M,"We love construction and we want the whole world to love it too!   Hosted by Fred Mills, The B1M is the world‚Äôs largest,‚Ä¶",DIY/Home/Services,Other (DIY/Home/Services),Other,0,767
UCv7ayuEI595kZglwebEWWWw,Adam Taylor // Architecture Photography Resources,"I am an interior and architecture photographer based in Oahu, Hawaii. I am also a photography educator with online works‚Ä¶",Business & Finance,Other (Business & Finance),Other,0,151
UCnM9I0mYTFSO3wkfof7oUvA,Alex Ford,"Welcome to my YouTube channel & podcast!  For over a decade, I've been a digital marketing trainer helping people to fin‚Ä¶",Business & Finance,business,business,0.48,220
UCUyDOdBWhC1MCxEjC46d-zw,Alex Hormozi,"Founder Acquisition.com, Co-Founder Skool.com. My new book $100M Money Models is out. [3.6M copies sold] Get yours now a‚Ä¶",Business & Finance,com,com,1,3965
UC34AYD6is66Xpv6HPRB0Miw,AM/PM Podcast,"Welcome to the AM/PM Podcast Youtube Channel.   In every corner of the world, people are embracing entrepreneurism. Ther‚Ä¶",Business & Finance,business,business,1,670
UC1LpsuAUaKoMzzJSEt5WImw,Asianometry,"Video essays on business, economics, and history. Sometimes about Asia, but not always.   For general mail: hello@asiano‚Ä¶",Business & Finance,business,business,0.516,640
UC7o7gV3iTgpvXqdyThjevsg,ASICentral,"The online home of the Advertising Specialty Institute, the largest media and marketing organization serving the ad spec‚Ä¶",Business & Finance,Other (Business & Finance),Other,0,3641
UCAjSHLRJcDfhDSu7WRpOu-w,Ben Claremont,"Helping you make EPIC 360 content with Insta360 cameras ü§©üé•  Tutorials, gear reviews & creative ideas to take your 360 co‚Ä¶",Business & Finance,business,business,0.511,316
UC3stPIuUoCDHG7COfwr0tEA,Brandon Li,I'm a nomadic filmmaker on an endless world tour.  Most of my main projects are on Vimeo. This is my channel for experim‚Ä¶,Business & Finance,com,com,0.584,248
UCFCDEaQC9NqzYDTxwTejlDg,Butcher Wizard,The Butcher Wizard Channel focuses on showing viewers how to butcher large cuts of meat so that they can save money and ‚Ä¶,Business & Finance,make,make,0.511,157
UCrPUg54jUy1T_wII9jgdRbg,Chris Ramsay,"Here you'll find Magic, Puzzles, Vlogs and a combination of all three. For business contact Chrisramsay@spacestation.com",Business & Finance,com,com,0.584,1057
UC-dmJ79518WlKMbsu50eMTQ,Clark Kegley,"Hey, I'm Clark. Creator, entrepreneur, YouTuber, and the dude who‚Äôs helping you create a life that‚Äôs less ‚Äòmeh‚Äô and more‚Ä¶",Business & Finance,make,make,1,290
UCaL1DGiCW-HVgqeaLuHUfJA,Cloud Based Real Estate Brokerage with Jesse Dau,"Hey! My name is Jesse Dau and I am a licensed Real Estate Agent & Team Leader with eXp Realty.  Before real estate, I sp‚Ä¶",Business & Finance,business,business,1,53
UCNawoJ4W-TZHiD6UTPGIiAQ,Digital Feast Studios,"Creative Marketing Agency // Allentown, PA Artists and storytellers crafting beautiful & engaging work. Imagine. Create.‚Ä¶",Business & Finance,Other (Business & Finance),Other,0,127
UCHHW_lDfbAUr12BbFMqFMnQ,DonV Filmora Tutorials,"If you want to learn how to use Filmora, this channel is for you!   For more Filmora tips & tricks, hit that subscribe b‚Ä¶",Business & Finance,com,com,0.584,86
UCYlZLHOzom9-MryCEodaoXg,Dylan Bates ‚Ä¢ The Final Cut Bro,Apple Motion & Final Cut Pro Tutorials! Does anybody actually read these descriptions? You get 10 *points if you do!  *p‚Ä¶,Business & Finance,com,com,0.584,419
UCxByVUuLdxxiqQVmbOnDEzw,Erik Grankvist,Sometimes we hear a call from nature. When I was 18 years old I ventured out alone with only a backpack full of simple h‚Ä¶,Business & Finance,com,com,0.584,78
UCIJHwsTJyrH4YznoJxZmJHQ,GR-Research,GR Research began in 1995 as a passion for high quality audio turned business venture. We are driven by a desire for exc‚Ä¶,Business & Finance,business,business,1,317
UCpBvckYg2UXArcfzRcjpPjw,Helium 10,"Introducing Helium 10.   Powered by sellers like you, we started with just one mission in mind: to make running business‚Ä¶",Business & Finance,business,business,0.671,603
UC9HFMty5k4jdj36wV4E4Iuw,Hidden Technology,"Tecnolog√≠a Oculta es un canal de descubrimiento, de realidad, de verdades ocultas que te har√°n ahorrar mucho dinero en e‚Ä¶",Business & Finance,make,make,1,258
UC0aNNLyM8FveAGEeaOND10A,Jahin Shahriar,Free Shopify Templates üëá  For business and other inquiries: Jahinshahriar@gmail.com  This channel is all about Web Desig‚Ä¶,Business & Finance,business,business,0.511,154
UCSm7riYU-NTWWFlG9XJBcRA,Jason Lee,"Hi, I‚Äôm Jason Lee.  I share business ideas and smart ways to make money without burning out. If you're a founder, creato‚Ä¶",Business & Finance,make,make,0.595,78
UCXoJOZU-pR7AfD5yfae-zNg,Jenn Jager Pro Tutorials,"I've been a professional video producer, editor and videographer for two decades! This channel is for fellow Final Cut P‚Ä¶",Business & Finance,Other (Business & Finance),Other,0,197
UCXoMM35ugF5iOzAEb-PmfRA,Jonathan Petramala,"I'm Jonathan, an independent journalist and documentarian with over 20 years of experience. I focus on documenting major‚Ä¶",Business & Finance,com,com,0.584,289
UCcFfP0Px7cO3h6BCZUpXUQQ,Keith Wheeler Books,"Do you want to learn hints, tips and tricks to help make self-publishing and being an indie author just a little bit eas‚Ä¶",Business & Finance,make,make,1,479
UC_fXTGbg6ck3BU6X65e3sag,Kendrick's Gear Journal,"In my career as a photographer and video producer, I use and evaluate a lot of gear. I believe in getting the right tool‚Ä¶",Business & Finance,make,make,0.511,190
UCX1RcjoZnq4UHSrj0Vc03Bg,LIFT-OFF,"About LiftOff üé• Videos about Space exploration, Space X, Planets and more üîî Subscribe for more on Space üìù Written, voice‚Ä¶",Business & Finance,com,com,0.584,461
UCKHO2e2sy2wqu1Ch8j7zfrA,Lisa  Life and Style,My name is Lisa & I am the force behind the influential beauty & fashion page previously LisaSz09.  Founded in 2008 as a‚Ä¶,Business & Finance,make,make,1,2171
UCcNrmSXswsMJzuaSQknziTw,Make Money Matt,My name's Matt Par and on this Make Money Matt channel I share strategies on how to grow on YouTube and build a digital ‚Ä¶,Business & Finance,make,make,1,104
UChYHKRass0kZvBkVKQuZElQ,Matt Gray,Want to scale your business? Let's chat ‚Üì  Book a Call for Founder OS: https://fos.now/yt-train  Proven systems to grow ‚Ä¶,Business & Finance,business,business,1,910
UCLAEBQMxxwE6gNy13q_rdcg,Matt Lorion,"Gen Z entrepreneur, first million at 17 years old. Featured on CNBC, now teaching other's how to become financially free‚Ä¶",Business & Finance,com,com,0.584,37
UC45W_AtKcDxSmWR1s1xsLEg,Matthew O'Brien,"Final Cut Pro Tips, Tricks & Tutorials  Camera & Film Gear Reviews  Post-Production Workflows & Data Management  Insight‚Ä¶",Business & Finance,com,com,0.584,369
UCru5yi7yq_Y8Q4Ye4eB0r2Q,MHFIN,I make entertaining finance videos with topics ranging from inflation to bitcoin.    Disclaimer: All videos are provided‚Ä¶,Business & Finance,make,make,1,452
UCmIxjdhwpUI5lDoslfDqcPQ,Money on The Side,My name is Ben and I teach aspiring entrepreneurs how to build a semi passive Amazon KDP business.  As living expenses c‚Ä¶,Business & Finance,business,business,1,125
UCs26XZBwrSZLiTEH8wcoVXw,Moz,"Moz: Marketing Analytics Software for SEO, Links, Social, and Brand ‚Ä¢ A Vibrant Online Marketing Community ‚Ä¢ Resources f‚Ä¶",Business & Finance,Other (Business & Finance),Other,0,1048
UCl-Zrl0QhF66lu1aGXaTbfw,Neil Patel,Learn digital marketing in just 5 minutes a day.,Business & Finance,Other (Business & Finance),Other,0,2168
UCbo-KbSjJDG6JWQ_MTZ_rNA,Nick Saraev,"Hi üëã I'm Nick. I make money with AI & teach others how they can too.  I'm not the best in the world, nor are my accompli‚Ä¶",Business & Finance,make,make,0.536,255
UCUowDOg5xfSWV0hUYeUUbfw,Notepirate,"Learn Financial Accounting, Managerial (Cost) Accounting, Intermediate Accounting and Corporate Finance with Notepirate.‚Ä¶",Business & Finance,business,business,1,100
UCHvSoleJlpzZYEHpcn32Xng,NWVideoTours,Luxury Real Estate Videos,Business & Finance,Other (Business & Finance),Other,0,259
UC8JracmfBuygk-myx7lVZnw,On the House - Real Estate Marketing,The premiere real estate photography channel for Realtors and Property managers focused entirely on Marketing your busin‚Ä¶,Business & Finance,business,business,1,24
UC3DkFux8Iv-aYnTRWzwaiBA,Peter McKinnon,"All things photography, video and being creative with a few too many coffees! For all business related inquiries, please‚Ä¶",Business & Finance,com,com,0.584,767
UCSiPjfAJBgbFlIUsxOWpK0w,PomplamooseMusic,"To support our home-grown music: http://www.patreon.com/Pomplamoose  Fan Mail: 600 Townsend, San Francisco, CA, 94103  P‚Ä¶",Business & Finance,com,com,0.513,580
UCrZ58f5yvy0HQ9hm-hZ1H_g,Portland Life,"Moving to Portland, Oregon? Book a call! Call #503-804-1466  We are all about Portland Living. We serve the surrounding ‚Ä¶",Business & Finance,make,make,0.511,147
UCZa-aF5az5nT4PL4XecbCNw,Primal Investor,On A Journey To Elevate Financial Literacy & Progress.,Business & Finance,Other (Business & Finance),Other,0,150
UCCLD2QUYsDuHdBkQp10Yy0w,RUHM,"RUHM is a full-service agency of artists, luxury marketers, and real-estate consultants who package and promote the worl‚Ä¶",Business & Finance,Other (Business & Finance),Other,0,28
UCG98giOsUxIlXV0rNUhxLew,Ryan Serhant,Entrepreneur Founder and CEO Serhant Technologies Brands: SERHANT. | SELL IT | SERHANT. Studios | S.MPLE Netflix: Owning‚Ä¶,Business & Finance,Other (Business & Finance),Other,0,465
UCwjDLq70gf6j9B5ykweXJRg,Samazonkdp,Helping you build an Amazon KDP business that can replace your 9-5 and allow you to live entirely on your own terms.,Business & Finance,business,business,1,130
UCx7DWIF3zT2xapezCxIzNVQ,Sandra Di,Download my FREE Digital Product Roadmap: https://sandradi.myflodesk.com/digitalproductroadmap  Hi friend! üñêüèª I‚Äôm Sandra‚Ä¶,Business & Finance,business,business,1,112
UCs-HqvE13SeePDZEpC__Mkw,Scott Suggs,I‚Äôm an e-commerce business owner with over 6 years of experience and millions of dollars in sales. I‚Äôve learned a ton du‚Ä¶,Business & Finance,business,business,1,33
UC6ITJIW6jgrrP5irR7WoHrw,Sean Dollwet,No BS business and investing advice by a 28 year old millionaire. If you want to learn how I built a simple publishing b‚Ä¶,Business & Finance,business,business,0.577,634
UCcaKZ3y-OXjmZZGD-OL--MQ,Self Publishing Empire,"I'm Craig and I'm turning my online side hustle on Amazon KDP into a Self Publishing Empire through self publishing low,‚Ä¶",Business & Finance,make,make,1,215
UCUol4EQWxfmxKUCiKjHxUjA,Smart Money Tactics,"Hi There! My name is Alen and welcome to my channel Smart Money Tactics!  On this channel, I posted videos on affiliate ‚Ä¶",Business & Finance,make,make,0.815,29
UCLihM2pKzsuimSfMmlDB5EQ,StartupBros,We help new entrepreneurs build their first profitable business online,Business & Finance,business,business,1,75
UCSDNfhsWyNOz8foxx5p8unQ,Sweet Project Cars,Sweet Project Cars Uploads 2 videos per week for the DIY type person. We share money-saving tips and tricks about cars a‚Ä¶,Business & Finance,Other (Business & Finance),Other,0,792
UCqP533PjxjSyExyasIe8cNw,TekMatix,Tekmatix is your all-in-one CRM and business platform: https://www.tekmatix.com/  The Tekmatix channel shares demos and ‚Ä¶,Business & Finance,business,business,1,238
UC0r6S4hmYdRcDnw7zey7Myg,The Bearded Butchers,"The Bearded Butchers have crafted their enterprise on a strong foundation of three pillars, each one integral to the suc‚Ä¶",Business & Finance,business,business,1,1656
UC1E1SVcVyU3ntWMSQEp38Yw,The Prof G Pod ‚Äì Scott Galloway,"NYU Professor, best-selling author, business leader and serial entrepreneur Scott Galloway cuts through the biggest stor‚Ä¶",Business & Finance,business,business,1,882
UCIFk2uvCNcEmZ77g0ESKLcQ,The Why Files,"The Why Files is a channel for people who are fascinated (obsessed) with mysteries, myths, legends and conspiracies. We ‚Ä¶",Business & Finance,business,business,1,363
UC9OJk22Mh_-aj0ruME96T2w,The Williams Fam,"Yes, we‚Äôre actually brothers! 4 dancing bros from a family of 6! üï∫  Business inquiries: mgmt@odysseyentgroup.com  New PO‚Ä¶",Business & Finance,com,com,0.584,936
UCcPuBEAwuF6XWXkcXJXJwsg,This Guy Edits,"This Guy is an ACE Award-nominated editor who cut for James Cameron, Joseph Gordon-Levitt, and Sundance filmmaker Mark W‚Ä¶",Business & Finance,business,business,1,181
UCdOPzgbosSnbfwd9-iXP2NA,Vanessa Lau,"I make videos that help creators feel good, have fun, do less, and earn  Ã∂mÃ∂oÃ∂rÃ∂eÃ∂ enough.  For business inquiries only:‚Ä¶",Business & Finance,make,make,0.379,501
UCnBMUbokI94_PY59m8yDMRg,VrTours Solutions,3D Virtual Tour for Real Estate & Business. Use a VR headset to Watch my videos.  360 Videos.,Business & Finance,business,business,1,19
UCMq1R1LgS04lIKdpLh_OS1w,Wes McDowell,Are you a small business owner trying to grow your customer base? I'll show you all my best website & digital marketing ‚Ä¶,Business & Finance,business,business,0.671,440
UCovVc-qqwYp8oqwO3Sdzx7w,74 Gear,74 Gear / Pilot Kelsey Boeing 747 Pilot  All About Aviation   Join the 74 Crew on Instagram / Twitter:  @74Gear,Aviation & Flight,Other (Aviation & Flight),Other,0,315
UC1s_8hYVql2DuDmwuBt9yJA,Aus Flight Simmer,"Welcome to the Aus Flight Simmer channel - This channel is for the everyday flight simmer. This is where we fly, create ‚Ä¶",Aviation & Flight,Other (Aviation & Flight),Other,1,1267
UCgMQxnLWLE8YSLFnH9SHmHQ,Blaze Grubbs,Welcome to my YouTube Channel!   I am a 21-year-old multi-engine commercial pilot with an IRA from the Northern Californ‚Ä¶,Aviation & Flight,Other (Aviation & Flight),Other,1,50
UCgJ5K7wWoFlnYC3e8eIxYrA,Drone U,Lower your learning curve and take flight with competence and confidence. From Part 107 instruction to methods of turnin‚Ä¶,Aviation & Flight,Other (Aviation & Flight),Other,1,1428
UCeRxxz9ByOqdd8A-0iF_Idg,Mayday: Air Disaster,Welcome to the OFFICIAL Mayday: Air Disaster YouTube Channel.  Mayday: Air Disaster is a dramatic non-fiction series tha‚Ä¶,Aviation & Flight,Other (Aviation & Flight),Other,0,1060
UCwpHKudUkP5tNgmMdexB3ow,Mentour Pilot,"Welcome aboard, on my channel I will give you my point of view from inside the airline industry! Everything from descrip‚Ä¶",Aviation & Flight,Other (Aviation & Flight),Other,0,706